Workbook
Name JR_PAGE_ANCHOR_0_1: SMP!$A$3
Name JR_PAGE_ANCHOR_0_1: SD!$B$4

Sheet SD
B2: KODE AKUN | D2: PROGRAM/KEG/KOUTPUT/SUBOUTPUT/KOMPONEN/SUBKOMP/DETIL | G2: VOL | H2: SAT | I2: H SATUAN | J2: PAGU | K2: REALISASI | O2: SALDO
K3: SP2D | L3: % | M3: AKRURAL | N3: % | O3: SP2D | P3: AKRURAL
B4: 027.01.DQ | D4: Program Perlindungan Sosial | J4: 2097544232000
B5: 7936 | D5: Penyelenggaraan Program Sekolah Rakyat | J5: 2088632535000
B6: 7936.SBC | D6: Pendidikan Dasar[Penambahan alokasi dari SABA 999.08 ke 9A] | J6: =J8+J152+J296+J440+J584+J728+J872+J1016 -> 21502843000 | K6: =K8+K152+K296+K440+K584+K728+K872+K1016 -> 702852000 | L6: =(K6/J6)*100 -> 3.2686468 | M6: =M8+M152+M296+M440+M584+M728+M872+M1016 -> 1354727491 | N6: =(M6/J6)*100 -> 6.300225 | O6: =O8+O152+O296+O440+O584+O728+O872+O1016 -> 20799991000 | P6: =P8+P152+P296+P440+P584+P728+P872+P1016 -> 20148115509
D7: Lokasi : KOTA JAKARTA PUSAT
B8: 302 | D8: Sekolah Rakyat Terintegrasi 2 Banyuwangi | J8: =J9+J23+J35+J48+J65+J74+J84+J89+J105+J119+J127+J135+J141 -> 2060121000 | K8: =K9+K23+K35+K48+K65+K74+K84+K89+K105+K119+K127+K135+K141 -> 44809500 | M8: =M9+M23+M35+M48+M65+M74+M84+M89+M105+M119+M127+M135+M141 -> 172139900 | O8: =J8-K8 -> 2015311500 | P8: =J8-M8 -> 1887981100
B9: A | D9: Kegiatan Belajar Mengajar | J9: =J10+J19 -> 90140000 | K9: =K10+K19 -> 0 | M9: =M10+M19 -> 10371000 | O9: =J9-K9 -> 90140000 | P9: =J9-M9 -> 79769000
B10: 521211 | D10: Belanja Bahan | J10: =SUM(J12:J18) -> 82140000 | K10: =SUM(K12:K18) -> 0 | M10: =SUM(M12:M18) -> 6871000 | O10: =J10-K10 -> 82140000 | P10: =J10-M10 -> 75269000
D11: (KPPN.182-Jakarta VII ) | O11: =J11-K11 -> 0 | P11: =J11-M11 -> 0
D12: - | E12: ATK Kelas [1 PKT x 12 BLN x 1 ROM] | G12: 12 | H12: OK | I12: 500000 | J12: =G12*I12 -> 6000000 | O12: =J12-K12 -> 6000000 | P12: =J12-M12 -> 6000000
D13: - | E13: Buku Pegangan Guru [1 PKT x 2 SMT x 1 LOK] | G13: 2 | H13: OK | I13: 2000000 | J13: =G13*I13 -> 4000000 | O13: =J13-K13 -> 4000000 | P13: =J13-M13 -> 4000000
D14: - | E14: Buku Penunjang Kegiatan Belajar Mengajar [5 PKT x 2 SMT x 1 LOK] | G14: 10 | H14: OK | I14: 500000 | J14: =G14*I14 -> 5000000 | O14: =J14-K14 -> 5000000 | P14: =J14-M14 -> 5000000 | Q14: 521211 | R14: ATK Kelas [1 PKT x 12 BLN x 1 ROM] Buku Pegangan Guru [1 PKT x 2 SMT x 1 LOK] Buku Penunjang Kegiatan Belajar Mengajar [5 PKT x 2 SMT x 1 LOK] Penggandaan Soal [25 ORG x 4 KEG x 1 ROM] Konsumsi Rapat Eksternal [40 ORG x 4 KEG x 2 HR x 1 LOK Snack Rapat Eksternal [40 ORG x 4 KEG x 2 HR x 1 LOK
D15: - | E15: Penggandaan Soal [25 ORG x 4 KEG x 1 ROM] | G15: 100 | H15: OK | I15: 25000 | J15: =G15*I15 -> 2500000 | M15: 725000 | O15: =J15-K15 -> 2500000 | P15: =J15-M15 -> 1775000 | Q15: 521211
D16: - | E16: Konsumsi Rapat Eksternal [40 ORG x 4 KEG x 2 HR x 1 LOK | G16: 320 | H16: OK | I16: 53000 | J16: =G16*I16 -> 16960000 | M16: 3920000 | O16: =J16-K16 -> 16960000 | P16: =J16-M16 -> 13040000 | Q16: 521211
D17: - | E17: Snack Rapat Eksternal [40 ORG x 4 KEG x 2 HR x 1 LOK | G17: 320 | H17: OK | I17: 24000 | J17: =G17*I17 -> 7680000 | M17: 1600000 | O17: =J17-K17 -> 7680000 | P17: =J17-M17 -> 6080000 | Q17: 521211
D18: - | E18: Media Pembelajaran dan laporan perekembangan siswa [25 ORG x 2 PKT x 1 ROM] | G18: 50 | H18: OK | I18: 800000 | J18: =G18*I18 -> 40000000 | M18: 626000 | O18: =J18-K18 -> 40000000 | P18: =J18-M18 -> 39374000
B19: 522151 | D19: Belanja Jasa Profesi | J19: =SUM(J21:J22) -> 8000000 | K19: =SUM(K21:K22) -> 0 | M19: =SUM(M21:M22) -> 3500000 | O19: =J19-K19 -> 8000000 | P19: =J19-M19 -> 4500000
D20: (KPPN.182-Jakarta VII ) | O20: =J20-K20 -> 0 | P20: =J20-M20 -> 0
D21: - | E21: Honor Instruktur [4 ORG x 2 Jam x 1 ROM] | G21: 8 | H21: OK | I21: 500000 | J21: =G21*I21 -> 4000000 | M21: 3500000 | O21: =J21-K21 -> 4000000 | P21: =J21-M21 -> 500000
D22: - | E22: Honor Narasumber [4 ORG x 2 Jam] | G22: 8 | H22: OK | I22: 500000 | J22: =G22*I22 -> 4000000 | O22: =J22-K22 -> 4000000 | P22: =J22-M22 -> 4000000
B23: B | D23: Praktikum Komunitas | J23: =J24+J29+J32 -> 13750000 | K23: =K24+K29+K32 -> 0 | M23: =M24+M29+M32 -> 0 | O23: =J23-K23 -> 13750000 | P23: =J23-M23 -> 13750000 | Q23: isi yang bener
B24: 521211 | D24: Belanja Bahan | J24: =SUM(J26:J28) -> 3750000 | K24: =SUM(K26:K28) -> 0 | M24: =SUM(M26:M28) -> 0 | O24: =J24-K24 -> 3750000 | P24: =J24-M24 -> 3750000
D25: (KPPN.182-Jakarta VII ) | O25: =J25-K25 -> 0 | P25: =J25-M25 -> 0
D26: - | E26: Snack dan Konsumsi Peserta [25 ORG x 2 keg x 1 Rom] | G26: 50 | H26: OK | I26: 53000 | J26: =G26*I26 -> 2650000 | O26: =J26-K26 -> 2650000 | P26: =J26-M26 -> 2650000
D27: - | E27: Dokumentasi Pelaporan [1 KEG x 2 LOK] | G27: 2 | H27: OK | I27: 250000 | J27: =G27*I27 -> 500000 | O27: =J27-K27 -> 500000 | P27: =J27-M27 -> 500000
D28: - | E28: Spanduk [1 KEG x 2 LOK] | G28: 2 | H28: OK | I28: 300000 | J28: =G28*I28 -> 600000 | O28: =J28-K28 -> 600000 | P28: =J28-M28 -> 600000
B29: 521213 | D29: Belanja Honor Output Kegiatan | J29: =J31 -> 2000000 | O29: =J29-K29 -> 2000000 | P29: =J29-M29 -> 2000000
D30: (KPPN.182-Jakarta VII ) | O30: =J30-K30 -> 0 | P30: =J30-M30 -> 0
D31: - | E31: Honor Pemandu Praktikum [2 ORG x 2 KEG x 1 ROM] | G31: 4 | H31: OK | I31: 500000 | J31: =G31*I31 -> 2000000 | O31: =J31-K31 -> 2000000 | P31: =J31-M31 -> 2000000
B32: 522141 | D32: Belanja Sewa | J32: =J34 -> 8000000 | K32: =K34 | M32: =M34 | O32: =J32-K32 -> 8000000 | P32: =J32-M32 -> 8000000
D33: (KPPN.182-Jakarta VII ) | O33: =J33-K33 -> 0 | P33: =J33-M33 -> 0
D34: - | E34: Sewa Bus [1 UNIT x 2 keg x 1 ROm] | G34: 2 | H34: OK | I34: 4000000 | J34: =G34*I34 -> 8000000 | O34: =J34-K34 -> 8000000 | P34: =J34-M34 -> 8000000
B35: C | D35: Kegiatan Krida | J35: =J36+J42+J45 -> 30400000 | K35: =K36+K42+K45 -> 0 | M35: =M36+M42+M45 -> 0 | O35: =J35-K35 -> 30400000 | P35: =J35-M35 -> 30400000
B36: 521211 | D36: Belanja Bahan | J36: =SUM(J38:J41) -> 20400000 | K36: =SUM(K38:K41) -> 0 | M36: =SUM(M38:M41) -> 0 | O36: =J36-K36 -> 20400000 | P36: =J36-M36 -> 20400000
D37: (KPPN.182-Jakarta VII ) | O37: =J37-K37 -> 0 | P37: =J37-M37 -> 0
D38: - | E38: Konsumsi dan Snack Siswa [25 Org x 2 keg x 1 Rom] | G38: 50 | H38: OK | I38: 53000 | J38: =G38*I38 -> 2650000 | O38: =J38-K38 -> 2650000 | P38: =J38-M38 -> 2650000
D39: - | E39: Sarana Pendukung Keagamaan [5 keg x 1 lo] | G39: 5 | H39: OK | I39: 500000 | J39: =G39*I39 -> 2500000 | O39: =J39-K39 -> 2500000 | P39: =J39-M39 -> 2500000
D40: - | E40: Dokumentasi dan Pelaporan [1 KEG x 1 LOK] | G40: 1 | H40: KEG | I40: 250000 | J40: =G40*I40 -> 250000 | O40: =J40-K40 -> 250000 | P40: =J40-M40 -> 250000
D41: - | E41: Media Pembelajaran [25 ORG x 2 KEG x 1 ROM] | G41: 50 | H41: OK | I41: 300000 | J41: =G41*I41 -> 15000000 | O41: =J41-K41 -> 15000000 | P41: =J41-M41 -> 15000000
B42: 522141 | D42: Belanja Sewa | J42: =J44 -> 8000000 | K42: =K44 | M42: =M44 | O42: =J42-K42 -> 8000000 | P42: =J42-M42 -> 8000000
D43: (KPPN.182-Jakarta VII ) | O43: =J43-K43 -> 0 | P43: =J43-M43 -> 0
D44: - | E44: Sewa Bus [1 unt x 2 keg x 1 Rom] | G44: 2 | H44: OK | I44: 4000000 | J44: =G44*I44 -> 8000000 | O44: =J44-K44 -> 8000000 | P44: =J44-M44 -> 8000000
B45: 522151 | D45: Belanja Jasa Profesi | J45: =J47 -> 2000000 | O45: =J45-K45 -> 2000000 | P45: =J45-M45 -> 2000000
D46: (KPPN.182-Jakarta VII ) | O46: =J46-K46 -> 0 | P46: =J46-M46 -> 0
D47: - | E47: Honor Instruktur [2 ORG x 2 keg x 1 LOK] | G47: 4 | H47: OK | I47: 500000 | J47: =G47*I47 -> 2000000 | O47: =J47-K47 -> 2000000 | P47: =J47-M47 -> 2000000
B48: D | D48: Karya Ilmiah dan Latihan Olah Bakat dan Minat | J48: =J49+J52+J56+J59+J62 -> 186900000 | K48: =K49+K52+K56+K59+K62 -> 0 | M48: =M49+M52+M56+M59+M62 -> 0 | O48: =J48-K48 -> 186900000 | P48: =J48-M48 -> 186900000
B49: 521211 | D49: Belanja Bahan | J49: =J51 -> 15900000 | K49: =K51 | M49: =M51 | O49: =J49-K49 -> 15900000 | P49: =J49-M49 -> 15900000
D50: (KPPN.182-Jakarta VII ) | O50: =J50-K50 -> 0 | P50: =J50-M50 -> 0
D51: - | E51: Snack dan Konsumsi Siswa [25 ORG x 4 KL x 3 hr x 1 Rom | G51: 300 | H51: OK | I51: 53000 | J51: =G51*I51 -> 15900000 | O51: =J51-K51 -> 15900000 | P51: =J51-M51 -> 15900000
B52: 521219 | D52: Belanja Barang Non Operasional Lainnya | J52: =SUM(J54:J55) -> 105000000 | K52: =SUM(K54:K55) -> 0 | M52: =SUM(M54:M55) -> 0 | O52: =J52-K52 -> 105000000 | P52: =J52-M52 -> 105000000
D53: (KPPN.182-Jakarta VII ) | O53: =J53-K53 -> 0 | P53: =J53-M53 -> 0
D54: - | E54: Pengembangan Kompetensi Siswa dan Kegiatan Sekolah | G54: 1 | H54: PAKET | I54: 95000000 | J54: =G54*I54 -> 95000000 | O54: =J54-K54 -> 95000000 | P54: =J54-M54 -> 95000000
D55: - | E55: Biaya Masuk Lokasi Study [25 Org x 2 Bln x 1 Rom] | G55: 50 | H55: OK | I55: 200000 | J55: =G55*I55 -> 10000000 | O55: =J55-K55 -> 10000000 | P55: =J55-M55 -> 10000000
B56: 521811 | D56: Belanja Barang Persediaan Barang Konsumsi | J56: =J58 -> 10000000 | K56: =K58 | M56: =M58 | O56: =J56-K56 -> 10000000 | P56: =J56-M56 -> 10000000
D57: (KPPN.182-Jakarta VII ) | O57: =J57-K57 -> 0 | P57: =J57-M57 -> 0
D58: - | E58: Media Ekstrakulikuler Lainnya [20 Pcs x 1 Pkt x 1 Lok] | G58: 20 | H58: OK | I58: 500000 | J58: =G58*I58 -> 10000000 | O58: =J58-K58 -> 10000000 | P58: =J58-M58 -> 10000000
B59: 522141 | D59: Belanja Sewa | J59: =J61 -> 8000000 | K59: =K61 | M59: =M61 | O59: =J59-K59 -> 8000000 | P59: =J59-M59 -> 8000000
D60: (KPPN.182-Jakarta VII ) | O60: =J60-K60 -> 0 | P60: =J60-M60 -> 0
D61: - | E61: Sewa Bus [1 unt x 2 keg x 1 Rom] | G61: 2 | H61: OK | I61: 4000000 | J61: =G61*I61 -> 8000000 | O61: =J61-K61 -> 8000000 | P61: =J61-M61 -> 8000000
B62: 522151 | D62: Belanja Jasa Profesi | J62: =J64 -> 48000000 | K62: =K64 | M62: =M64 | O62: =J62-K62 -> 48000000 | P62: =J62-M62 -> 48000000
D63: (KPPN.182-Jakarta VII ) | O63: =J63-K63 -> 0 | P63: =J63-M63 -> 0
D64: - | E64: Honor Pembimbing Olahraga/Olah Minat [4 ORG x 2 KL x 12 BLN x 1 LOK | G64: 96 | H64: OK | I64: 500000 | J64: =G64*I64 -> 48000000 | O64: =J64-K64 -> 48000000 | P64: =J64-M64 -> 48000000
B65: E | D65: Koordinasi dan Konsultasi Sekolah Rakyat | J65: =J66+J71 -> 151200000 | K65: =K66+K71 -> 0 | M65: =M66+M71 -> 0 | O65: =J65-K65 -> 151200000 | P65: =J65-M65 -> 151200000
B66: 524111 | D66: Belanja Perjalanan Dinas Biasa | J66: =SUM(J68:J70) -> 142700000 | K66: =SUM(K68:K70) -> 0 | M66: =SUM(M68:M70) -> 0 | O66: =J66-K66 -> 142700000 | P66: =J66-M66 -> 142700000
D67: (KPPN.182-Jakarta VII ) | O67: =J67-K67 -> 0 | P67: =J67-M67 -> 0
D68: - | E68: transport petugas [5 Org x 2 KEG x 2 KL x 1 Lok | G68: 20 | H68: OK | I68: 5000000 | J68: =G68*I68 -> 100000000 | O68: =J68-K68 -> 100000000 | P68: =J68-M68 -> 100000000
D69: - | E69: uang penginapan petugas [5 Org x 2 KEG x 3 HR x 1 Lok | G69: 30 | H69: OK | I69: 850000 | J69: =G69*I69 -> 25500000 | O69: =J69-K69 -> 25500000 | P69: =J69-M69 -> 25500000
D70: - | E70: Uang Harian Petugas [5 Org x 2 KEG x 4 HR x 1 Lok | G70: 40 | H70: OK | I70: 430000 | J70: =G70*I70 -> 17200000 | O70: =J70-K70 -> 17200000 | P70: =J70-M70 -> 17200000
B71: 524113 | D71: Belanja Perjalanan Dinas Dalam Kota | J71: =J73 -> 8500000 | K71: =K73 | M71: =M73 | O71: =J71-K71 -> 8500000 | P71: =J71-M71 -> 8500000
D72: (KPPN.182-Jakarta VII ) | O72: =J72-K72 -> 0 | P72: =J72-M72 -> 0
D73: - | E73: transport petugas [10 Org x 1 KEG x 5 KL x 1 Lok | G73: 50 | H73: OK | I73: 170000 | J73: =G73*I73 -> 8500000 | O73: =J73-K73 -> 8500000 | P73: =J73-M73 -> 8500000
B74: F | D74: Permakanan dan Perawatan Siswa | J74: =J75+J80 -> 874500000 | K74: =K75+K80 -> 41749500 | M74: =M75+M80 -> 75499500 | O74: =J74-K74 -> 832750500 | P74: =J74-M74 -> 799000500
B75: 521112 | D75: Belanja Pengadaan Bahan Makanan | J75: =SUM(J77:J79) -> 772500000 | K75: =SUM(K77:K79) -> 41625000 | M75: =SUM(M77:M79) -> 75375000 | O75: =J75-K75 -> 730875000 | P75: =J75-M75 -> 697125000
D76: (KPPN.182-Jakarta VII ) | O76: =J76-K76 -> 0 | P76: =J76-M76 -> 0
D77: - | E77: Makan Siswa [25 Org x 3 KL x 365 HR x 1 ROM | G77: 27375 | H77: OH | I77: 15000 | J77: =G77*I77 -> 410625000 | K77: 31125000 | M77: 54375000 | O77: =J77-K77 -> 379500000 | P77: =J77-M77 -> 356250000
D78: - | E78: Air Minum [25 BH x 12 BLN x 30 HR x 1 LOK | G78: 9000 | H78: OH | I78: 25000 | J78: =G78*I78 -> 225000000 | O78: =J78-K78 -> 225000000 | P78: =J78-M78 -> 225000000
D79: - | E79: Snack Siswa [25 Org x 2 KL x 365 HR x 1 ROM | G79: 18250 | H79: OH | I79: 7500 | J79: =G79*I79 -> 136875000 | K79: 10500000 | M79: 21000000 | O79: =J79-K79 -> 126375000 | P79: =J79-M79 -> 115875000
B80: 521219 | D80: Belanja Barang Non Operasional Lainnya | J80: =SUM(J82:J83) -> 102000000 | K80: =SUM(K82:K83) -> 124500 | M80: =SUM(M82:M83) -> 124500 | O80: =J80-K80 -> 101875500 | P80: =J80-M80 -> 101875500
D81: (KPPN.182-Jakarta VII ) | O81: =J81-K81 -> 0 | P81: =J81-M81 -> 0
D82: - | E82: Kesehatan Siswa [15 Org x 12 Bln x 1 LOK] | G82: 180 | H82: OH | I82: 500000 | J82: =G82*I82 -> 90000000 | K82: 124500 | M82: 124500 | O82: =J82-K82 -> 89875500 | P82: =J82-M82 -> 89875500
D83: - | E83: Perawatan Diri [25 Org x 12 Bln x 1 Rom] | G83: 300 | H83: OH | I83: 40000 | J83: =G83*I83 -> 12000000 | O83: =J83-K83 -> 12000000 | P83: =J83-M83 -> 12000000
B84: G | D84: Perlengkapan Operasional Sekolah | J84: =J85 -> 40936000 | K84: =K85 -> 0 | M84: =M85 -> 4609000 | O84: =J84-K84 -> 40936000 | P84: =J84-M84 -> 36327000
B85: 521811 | D85: Belanja Barang Persediaan Barang Konsumsi | J85: =SUM(J87:J88) -> 40936000 | K85: =SUM(K87:K88) -> 0 | M85: =SUM(M87:M88) -> 4609000 | O85: =J85-K85 -> 40936000 | P85: =J85-M85 -> 36327000
D86: (KPPN.182-Jakarta VII ) | O86: =J86-K86 -> 0 | P86: =J86-M86 -> 0
D87: - | E87: Obat obatan ringan [1 ls x 12 Bln x 1 lok] | G87: 12 | H87: SET | I87: 2500000 | J87: =G87*I87 -> 30000000 | M87: 1998000 | O87: =J87-K87 -> 30000000 | P87: =J87-M87 -> 28002000
D88: - | E88: Alat Kebersihan ASrama | G88: 1 | H88: PKT | I88: 10936000 | J88: =G88*I88 -> 10936000 | M88: 2611000 | O88: =J88-K88 -> 10936000 | P88: =J88-M88 -> 8325000
B89: H | D89: Kebutuhan Asrama | J89: =J90+J99 -> 6760000 | K89: =K90+K99 -> 0 | M89: =M90+M99 -> 0 | O89: =J89-K89 -> 6760000 | P89: =J89-M89 -> 6760000
B90: 521252 | D90: Belanja Peralatan dan Mesin - Ekstrakomptabel | J90: =SUM(J92:J98) -> 5600000 | K90: =SUM(K92:K98) -> 0 | M90: =SUM(M92:M98) -> 0 | O90: =J90-K90 -> 5600000 | P90: =J90-M90 -> 5600000
D91: (KPPN.182-Jakarta VII ) | O91: =J91-K91 -> 0 | P91: =J91-M91 -> 0
D92: - | E92: Rak Sepatu [2 Set x 1 Smt x 1 Lok] | G92: 2 | H92: SET | I92: 350000 | J92: =G92*I92 -> 700000 | O92: =J92-K92 -> 700000 | P92: =J92-M92 -> 700000
D93: - | E93: Setrika [2 Set x 1 Smt x 1 Lok] | G93: 2 | H93: SET | I93: 225000 | J93: =G93*I93 -> 450000 | O93: =J93-K93 -> 450000 | P93: =J93-M93 -> 450000
D94: - | E94: Jemuran Pakaian (di dalam ruangan) [2 Set x 1 SMT x 1 Lok] | G94: 2 | H94: SET | I94: 450000 | J94: =G94*I94 -> 900000 | O94: =J94-K94 -> 900000 | P94: =J94-M94 -> 900000
D95: - | E95: Jam Dinding [2 Set x 1 SMT x 1 Lok] | G95: 2 | H95: SET | I95: 250000 | J95: =G95*I95 -> 500000 | O95: =J95-K95 -> 500000 | P95: =J95-M95 -> 500000
D96: - | E96: Tempat Sampah [2 Set x 1 Smt x 1 Lok] | G96: 2 | H96: SET | I96: 100000 | J96: =G96*I96 -> 200000 | O96: =J96-K96 -> 200000 | P96: =J96-M96 -> 200000
D97: - | E97: Dispenser Air [2 Set x 1 SMT x 1 Lok] | G97: 2 | H97: SET | I97: 725000 | J97: =G97*I97 -> 1450000 | O97: =J97-K97 -> 1450000 | P97: =J97-M97 -> 1450000
D98: - | E98: Jemuran Pakaian (di Luar ruangan) [2 Set x 1 Smt x 1 Lok] | G98: 2 | H98: SET | I98: 700000 | J98: =G98*I98 -> 1400000 | O98: =J98-K98 -> 1400000 | P98: =J98-M98 -> 1400000
B99: 521811 | D99: Belanja Barang Persediaan Barang Konsumsi | J99: =SUM(J101:J104) -> 1160000 | K99: =SUM(K101:K104) -> 0 | M99: =SUM(M101:M104) -> 0 | O99: =J99-K99 -> 1160000 | P99: =J99-M99 -> 1160000
D100: (KPPN.182-Jakarta VII ) | O100: =J100-K100 -> 0 | P100: =J100-M100 -> 0
D101: - | E101: Gantungan Baju [10 Set x 1 Smt x 1 Lok] | G101: 10 | H101: SET | I101: 50000 | J101: =G101*I101 -> 500000 | O101: =J101-K101 -> 500000 | P101: =J101-M101 -> 500000
...

Sheet SMP
G1: VOL | H1: SAT | I1: H SATUAN | J1: PAGU | K1: REALISASI | O1: SALDO
K2: SP2D | L2: % | M2: AKRURAL | N2: % | O2: SP2D | P2: AKRURAL
A3: 027.01.DQ | D3: Program Perlindungan Sosial | J3: 2097544232000 | O3: SILPA
A4: 7936 | D4: Penyelenggaraan Program Sekolah Rakyat | J4: 2088632535000
A5: 7936.SBE | D5: Pendidikan Non Gelar[Base Line] | J5: 585449649000
D6: Lokasi : KOTA JAKARTA PUSAT
A7: 7936.SBE.101 | D7: Penyelenggaraan Pendidikan Menengah Pertama Sekolah Rakyat | J7: =J8+J152+J296+J440+J584+J728+J872+J1016+J1160 -> 27555464000 | K7: =K8+K152+K296+K440+K584+K728+K872+K1016+K1160 -> 1112850000 | L7: =(K7/J7)*100 -> 4.038582 | M7: =M8+M152+M296+M440+M584+M728+M872+M1016+M1160 -> 3110242234 | N7: =(M7/J7)*100 -> 11.287207 | O7: =J7-K7 -> 26442614000 | P7: =J7-M7 -> 24445221766
A8: 128 | D8: Sekolah Rakyat Menengah Pertama 28 Pasuruan | J8: =J9+J23+J35+J48+J65+J74+J84+J89+J105+J119+J127+J135+J141 -> 3064496000 | K8: =K9+K23+K35+K48+K65+K74+K84+K89+K105+K119+K127+K135+K141 -> 193110000 | M8: =M9+M23+M35+M48+M65+M74+M84+M89+M105+M119+M127+M135+M141 -> 319604995 | O8: =J8-K8 -> 2871386000 | P8: =J8-M8 -> 2744891005
A9: A | D9: Kegiatan Belajar Mengajar | J9: =J10+J19 -> 142640000 | K9: =K10+K19 -> 0 | M9: =M10+M19 -> 14680146 | O9: =J9-K9 -> 142640000 | P9: =J9-M9 -> 127959854
A10: 521211 | D10: Belanja Bahan | J10: =SUM(J12:J18) -> 130640000 | K10: =SUM(K12:K18) -> 0 | M10: =SUM(M12:M18) -> 14380146 | O10: =J10-K10 -> 130640000 | P10: =J10-M10 -> 116259854
D11: (KPPN.182-Jakarta VII ) | O11: =J11-K11 -> 0 | P11: =J11-M11 -> 0
D12: - | E12: ATK Kelas [1 PKT x 12 BLN x 2 ROM] | G12: 24 | H12: OK | I12: 500000 | J12: =G12*I12 -> 12000000 | O12: =J12-K12 -> 12000000 | P12: =J12-M12 -> 12000000 | Q12: 14788300
D13: - | E13: Buku Pegangan Guru [1 PKT x 2 SMT x 1 LOK] | G13: 2 | H13: OK | I13: 2000000 | J13: =G13*I13 -> 4000000 | O13: =J13-K13 -> 4000000 | P13: =J13-M13 -> 4000000
D14: - | E14: Buku Penunjang Kegiatan Belajar Mengajar [5 PKT x 2 SMT x 1 LOK] | G14: 10 | H14: OK | I14: 500000 | J14: =G14*I14 -> 5000000 | O14: =J14-K14 -> 5000000 | P14: =J14-M14 -> 5000000
D15: - | E15: Penggandaan Soal [25 ORG x 4 KEG x 2 ROM] | G15: 200 | H15: OK | I15: 25000 | J15: =G15*I15 -> 5000000 | O15: =J15-K15 -> 5000000 | P15: =J15-M15 -> 5000000
D16: - | E16: Konsumsi Rapat Eksternal [40 ORG x 4 KEG x 2 HR x 1 LOK | G16: 320 | H16: OK | I16: 53000 | J16: =G16*I16 -> 16960000 | M16: 8733000 | O16: =J16-K16 -> 16960000 | P16: =J16-M16 -> 8227000 | Q16: 8490000
D17: - | E17: Snack Rapat Eksternal [40 ORG x 4 KEG x 2 HR x 1 LOK | G17: 320 | H17: OK | I17: 24000 | J17: =G17*I17 -> 7680000 | O17: =J17-K17 -> 7680000 | P17: =J17-M17 -> 7680000 | Q17: 3180000
D18: - | E18: Media Pembelajaran dan Laporan Perkembangan Siswa [25 ORG x 2 PKT x 2 ROM] | G18: 100 | H18: OK | I18: 800000 | J18: =G18*I18 -> 80000000 | M18: 5647146 | O18: =J18-K18 -> 80000000 | P18: =J18-M18 -> 74352854 | Q18: 126625500
A19: 522151 | D19: Belanja Jasa Profesi | J19: =SUM(J21:J22) -> 12000000 | K19: =SUM(K21:K22) -> 0 | M19: =SUM(M21:M22) -> 300000 | O19: =J19-K19 -> 12000000 | P19: =J19-M19 -> 11700000
D20: (KPPN.182-Jakarta VII ) | O20: =J20-K20 -> 0 | P20: =J20-M20 -> 0
D21: - | E21: Honor Instruktur [4 ORG x 2 Jam x 2 ROM] | G21: 16 | H21: OK | I21: 500000 | J21: =G21*I21 -> 8000000 | O21: =J21-K21 -> 8000000 | P21: =J21-M21 -> 8000000 | Q21: 4000000
D22: - | E22: Honor Narasumber [2 ORG x 2 Jam x 2 Keg] | G22: 8 | H22: OK | I22: 500000 | J22: =G22*I22 -> 4000000 | M22: 300000 | O22: =J22-K22 -> 4000000 | P22: =J22-M22 -> 3700000 | Q22: 3000000
A23: B | D23: Praktikum Komunitas | J23: =J24+J29+J32 -> 24400000 | K23: =K24+K29+K32 -> 0 | M23: =M24+M29+M32 -> 40000 | O23: =J23-K23 -> 24400000 | P23: =J23-M23 -> 24360000
A24: 521211 | D24: Belanja Bahan | J24: =SUM(J26:J28) -> 6400000 | K24: =SUM(K26:K28) -> 0 | M24: =SUM(M26:M28) -> 40000 | O24: =J24-K24 -> 6400000 | P24: =J24-M24 -> 6360000
D25: (KPPN.182-Jakarta VII ) | O25: =J25-K25 -> 0 | P25: =J25-M25 -> 0
D26: - | E26: Snack dan Konsumsi Siswa [25 ORG x 2 keg x 2 Rom] | G26: 100 | H26: OK | I26: 53000 | J26: =G26*I26 -> 5300000 | O26: =J26-K26 -> 5300000 | P26: =J26-M26 -> 5300000
D27: - | E27: Dokumentasi Pelaporan [1 KEG x 2 LOK] | G27: 2 | H27: OK | I27: 250000 | J27: =G27*I27 -> 500000 | O27: =J27-K27 -> 500000 | P27: =J27-M27 -> 500000
D28: - | E28: Spanduk [1 KEG x 2 LOK] | G28: 2 | H28: OK | I28: 300000 | J28: =G28*I28 -> 600000 | M28: 40000 | O28: =J28-K28 -> 600000 | P28: =J28-M28 -> 560000
A29: 521213 | D29: Belanja Honor Output Kegiatan | J29: =J31 -> 2000000 | K29: =K31 | M29: =M31 | O29: =J29-K29 -> 2000000 | P29: =J29-M29 -> 2000000
D30: (KPPN.182-Jakarta VII ) | O30: =J30-K30 -> 0 | P30: =J30-M30 -> 0
D31: - | E31: Honor Pemandu Praktikum [2 ORG x 2 KEG] | G31: 4 | H31: OK | I31: 500000 | J31: =G31*I31 -> 2000000 | O31: =J31-K31 -> 2000000 | P31: =J31-M31 -> 2000000
A32: 522141 | D32: Belanja Sewa | J32: =J34 -> 16000000 | K32: =K34 | M32: =M34 | O32: =J32-K32 -> 16000000 | P32: =J32-M32 -> 16000000
D33: (KPPN.182-Jakarta VII ) | O33: =J33-K33 -> 0 | P33: =J33-M33 -> 0
D34: - | E34: Sewa Bus [1 UNIT x 2 keg x 2 ROm] | G34: 4 | H34: OK | I34: 4000000 | J34: =G34*I34 -> 16000000 | O34: =J34-K34 -> 16000000 | P34: =J34-M34 -> 16000000
A35: C | D35: Kegiatan Krida | J35: =J36+J42+J45 -> 56050000 | K35: =K36+K42+K45 -> 0 | M35: =M36+M42+M45 -> 0 | O35: =J35-K35 -> 56050000 | P35: =J35-M35 -> 56050000
A36: 521211 | D36: Belanja Bahan | J36: =SUM(J38:J41) -> 38050000 | K36: =SUM(K38:K41) -> 0 | M36: =SUM(M38:M41) -> 0 | O36: =J36-K36 -> 38050000 | P36: =J36-M36 -> 38050000
D37: (KPPN.182-Jakarta VII ) | O37: =J37-K37 -> 0 | P37: =J37-M37 -> 0
D38: - | E38: Konsumsi dan Snack Siswa [25 Org x 2 keg x 2 Rom] | G38: 100 | H38: OK | I38: 53000 | J38: =G38*I38 -> 5300000 | O38: =J38-K38 -> 5300000 | P38: =J38-M38 -> 5300000
D39: - | E39: Sarana Pendukung Keagamaan [5 keg x 1 lo] | G39: 5 | H39: OK | I39: 500000 | J39: =G39*I39 -> 2500000 | O39: =J39-K39 -> 2500000 | P39: =J39-M39 -> 2500000
D40: - | E40: Dokumentasi dan Pelaporan [1 KEG x 1 LOK] | G40: 1 | H40: KEG | I40: 250000 | J40: =G40*I40 -> 250000 | O40: =J40-K40 -> 250000 | P40: =J40-M40 -> 250000
D41: - | E41: Media Pembelajaran [25 ORG x 2 KEG x 2 ROM] | G41: 100 | H41: OK | I41: 300000 | J41: =G41*I41 -> 30000000 | O41: =J41-K41 -> 30000000 | P41: =J41-M41 -> 30000000
A42: 522141 | D42: Belanja Sewa | J42: =J44 -> 16000000 | K42: =K44 | M42: =M44 | O42: =J42-K42 -> 16000000 | P42: =J42-M42 -> 16000000
D43: (KPPN.182-Jakarta VII ) | O43: =J43-K43 -> 0 | P43: =J43-M43 -> 0
D44: - | E44: Sewa Bus [1 unt x 2 keg x 2 Rom] | G44: 4 | H44: OK | I44: 4000000 | J44: =G44*I44 -> 16000000 | O44: =J44-K44 -> 16000000 | P44: =J44-M44 -> 16000000
A45: 522151 | D45: Belanja Jasa Profesi | J45: =J47 -> 2000000 | K45: =K47 | M45: =M47 | O45: =J45-K45 -> 2000000 | P45: =J45-M45 -> 2000000
D46: (KPPN.182-Jakarta VII ) | O46: =J46-K46 -> 0 | P46: =J46-M46 -> 0
D47: - | E47: Honor Instruktur [2 ORG x 2 keg x 1 LOK] | G47: 4 | H47: OK | I47: 500000 | J47: =G47*I47 -> 2000000 | O47: =J47-K47 -> 2000000 | P47: =J47-M47 -> 2000000
A48: D | D48: Karya Ilmiah dan Latihan Olah Bakat dan Minat | J48: =J49+J52+J56+J59+J62 -> 220800000 | K48: =K49+K52+K56+K59+K62 -> 0 | M48: =M49+M52+M56+M59+M62 -> 3157500 | O48: =J48-K48 -> 220800000 | P48: =J48-M48 -> 217642500
A49: 521211 | D49: Belanja Bahan | J49: =J51 -> 31800000 | K49: =K51 | M49: =M51 | O49: =J49-K49 -> 31800000 | P49: =J49-M49 -> 31800000
D50: (KPPN.182-Jakarta VII ) | O50: =J50-K50 -> 0 | P50: =J50-M50 -> 0
D51: - | E51: Snack dan Konsumsi Siswa [25 ORG x 4 KL x 3 hr x 2 Rom | G51: 600 | H51: OK | I51: 53000 | J51: =G51*I51 -> 31800000 | O51: =J51-K51 -> 31800000 | P51: =J51-M51 -> 31800000
A52: 521219 | D52: Belanja Barang Non Operasional Lainnya | J52: =SUM(J54:J55) -> 115000000 | K52: =SUM(K54:K55) -> 0 | M52: =SUM(M54:M55) -> 1357500 | O52: =J52-K52 -> 115000000 | P52: =J52-M52 -> 113642500
D53: (KPPN.182-Jakarta VII ) | O53: =J53-K53 -> 0 | P53: =J53-M53 -> 0
D54: - | E54: Pengembangan Kompetensi Siswa dan Kegiatan Sekolah [1 PKT] | G54: 1 | H54: PKT | I54: 95000000 | J54: =G54*I54 -> 95000000 | M54: 1357500 | O54: =J54-K54 -> 95000000 | P54: =J54-M54 -> 93642500 | Q54: 25120000
D55: - | E55: Biaya Masuk Lokasi Study [25 Org x 2 Bln x 2 Rom] | G55: 100 | H55: OK | I55: 200000 | J55: =G55*I55 -> 20000000 | O55: =J55-K55 -> 20000000 | P55: =J55-M55 -> 20000000 | Q55: 18900000
A56: 521811 | D56: Belanja Barang Persediaan Barang Konsumsi | J56: =J58 -> 10000000 | K56: =K58 | M56: =M58 | O56: =J56-K56 -> 10000000 | P56: =J56-M56 -> 10000000
D57: (KPPN.182-Jakarta VII ) | O57: =J57-K57 -> 0 | P57: =J57-M57 -> 0
D58: - | E58: Media Ekstrakulikuler Lainnya [20 Pcs x 1 Pkt x 1 Lok] | G58: 20 | H58: OK | I58: 500000 | J58: =G58*I58 -> 10000000 | O58: =J58-K58 -> 10000000 | P58: =J58-M58 -> 10000000
A59: 522141 | D59: Belanja Sewa | J59: =J61 -> 16000000 | K59: =K61 | M59: =M61 | O59: =J59-K59 -> 16000000 | P59: =J59-M59 -> 16000000
D60: (KPPN.182-Jakarta VII ) | O60: =J60-K60 -> 0 | P60: =J60-M60 -> 0
D61: - | E61: Sewa Bus [1 unt x 2 keg x 2 Rom] | G61: 4 | H61: OK | I61: 4000000 | J61: =G61*I61 -> 16000000 | O61: =J61-K61 -> 16000000 | P61: =J61-M61 -> 16000000 | Q61: 23200000
A62: 522151 | D62: Belanja Jasa Profesi | J62: =J64 -> 48000000 | K62: =K64 | M62: =M64 -> 1800000 | O62: =J62-K62 -> 48000000 | P62: =J62-M62 -> 46200000
D63: (KPPN.182-Jakarta VII ) | O63: =J63-K63 -> 0 | P63: =J63-M63 -> 0
D64: - | E64: Honor Pembimbing Olahraga/Olah Minat [4 ORG x 2 KL x 12 BLN x 1 LOK | G64: 96 | H64: OK | I64: 500000 | J64: =G64*I64 -> 48000000 | M64: 1800000 | O64: =J64-K64 -> 48000000 | P64: =J64-M64 -> 46200000
A65: E | D65: Koordinasi dan Konsultasi Sekolah Rakyat | J65: =J66+J71 -> 151200000 | K65: =K66+K71 -> 0 | M65: =M66+M71 -> 18010000 | O65: =J65-K65 -> 151200000 | P65: =J65-M65 -> 133190000
A66: 524111 | D66: Belanja Perjalanan Dinas Biasa | J66: =SUM(J68:J70) -> 142700000 | K66: =SUM(K68:K70) -> 0 | M66: =SUM(M68:M70) -> 18010000 | O66: =J66-K66 -> 142700000 | P66: =J66-M66 -> 124690000
D67: (KPPN.182-Jakarta VII ) | O67: =J67-K67 -> 0 | P67: =J67-M67 -> 0
D68: - | E68: transport petugas [5 Org x 2 KEG x 2 KL x 1 Lok | G68: 20 | H68: OK | I68: 5000000 | J68: =G68*I68 -> 100000000 | M68: 13000000 | O68: =J68-K68 -> 100000000 | P68: =J68-M68 -> 87000000
D69: - | E69: uang penginapan petugas [5 Org x 2 KEG x 3 HR x 1 Lok | G69: 30 | H69: OK | I69: 850000 | J69: =G69*I69 -> 25500000 | M69: 2735000 | O69: =J69-K69 -> 25500000 | P69: =J69-M69 -> 22765000
D70: - | E70: Uang Harian Petugas [5 Org x 2 KEG x 4 HR x 1 Lok | G70: 40 | H70: OK | I70: 430000 | J70: =G70*I70 -> 17200000 | M70: 2275000 | O70: =J70-K70 -> 17200000 | P70: =J70-M70 -> 14925000
A71: 524113 | D71: Belanja Perjalanan Dinas Dalam Kota | J71: =J73 -> 8500000 | K71: =K73 | M71: =M73 | O71: =J71-K71 -> 8500000 | P71: =J71-M71 -> 8500000
D72: (KPPN.182-Jakarta VII ) | O72: =J72-K72 -> 0 | P72: =J72-M72 -> 0
D73: - | E73: transport petugas [10 Org x 1 KEG x 5 KL x 1 Lok | G73: 50 | H73: OK | I73: 170000 | J73: =G73*I73 -> 8500000 | O73: =J73-K73 -> 8500000 | P73: =J73-M73 -> 8500000
A74: F | D74: Permakanan dan Perawatan Siswa | J74: =J75+J80 -> 1434000000 | K74: =K75+K80 -> 193110000 | M74: =M75+M80 -> 255528000 | O74: =J74-K74 -> 1240890000 | P74: =J74-M74 -> 1178472000
A75: 521112 | D75: Belanja Pengadaan Bahan Makanan | J75: =SUM(J77:J79) -> 1320000000 | K75: =SUM(K77:K79) -> 79110000 | M75: =SUM(M77:M79) -> 141528000 | O75: =J75-K75 -> 1240890000 | P75: =J75-M75 -> 1178472000
D76: (KPPN.182-Jakarta VII ) | O76: =J76-K76 -> 0 | P76: =J76-M76 -> 0
D77: - | E77: Makan Siswa [25 Org x 3 KL x 365 HR x 2 ROM | G77: 54750 | H77: OH | I77: 15000 | J77: =G77*I77 -> 821250000 | K77: 59520000 | M77: 102495000 | O77: =J77-K77 -> 761730000 | P77: =J77-M77 -> 718755000
D78: - | E78: Air Minum [25 BH x 12 BLN x 30 HR x 1 LOK | G78: 9000 | H78: OH | I78: 25000 | J78: =G78*I78 -> 225000000 | M78: 3693000 | O78: =J78-K78 -> 225000000 | P78: =J78-M78 -> 221307000
D79: - | E79: Snack Siswa [25 Org x 2 KL x 365 HR x 2 ROM | G79: 36500 | H79: OH | I79: 7500 | J79: =G79*I79 -> 273750000 | K79: 19590000 | M79: 35340000 | O79: =J79-K79 -> 254160000 | P79: =J79-M79 -> 238410000
A80: 521219 | D80: Belanja Barang Non Operasional Lainnya | J80: 114000000 | K80: 114000000 | M80: 114000000 | O80: =J80-K80 -> 0 | P80: =J80-M80 -> 0
D81: (KPPN.182-Jakarta VII ) | O81: =J81-K81 -> 0 | P81: =J81-M81 -> 0
D82: - | E82: Kesehatan Siswa [15 Org x 12 Bln x 1 LOK] | G82: 180 | H82: OH | I82: 500000 | J82: =G82*I82 -> 90000000 | M82: 300000 | O82: =J82-K82 -> 90000000 | P82: =J82-M82 -> 89700000 | Q82: 89785712
D83: - | E83: Perawatan Diri [25 Org x 12 Bln x 2 Rom] | G83: 600 | H83: OH | I83: 40000 | J83: =G83*I83 -> 24000000 | M83: 260000 | O83: =J83-K83 -> 24000000 | P83: =J83-M83 -> 23740000
A84: G | D84: Perlengkapan Operasional Sekolah | J84: =J85 -> 41836000 | K84: =K85 -> 0 | M84: =M85 -> 4091711 | O84: =J84-K84 -> 41836000 | P84: =J84-M84 -> 37744289
A85: 521811 | D85: Belanja Barang Persediaan Barang Konsumsi | J85: =SUM(J87:J88) -> 41836000 | K85: =SUM(K87:K88) -> 0 | M85: =SUM(M87:M88) -> 4091711 | O85: =J85-K85 -> 41836000 | P85: =J85-M85 -> 37744289
D86: (KPPN.182-Jakarta VII ) | O86: =J86-K86 -> 0 | P86: =J86-M86 -> 0
D87: - | E87: Obat obatan ringan [1 ls x 12 Bln x 1 lok] | G87: 12 | H87: SET | I87: 2500000 | J87: =G87*I87 -> 30000000 | M87: 2484711 | O87: =J87-K87 -> 30000000 | P87: =J87-M87 -> 27515289 | Q87: 29404500
D88: - | E88: Alat Kebersihan Asrama [1 PKT] | G88: 1 | H88: PKT | I88: 11836000 | J88: =G88*I88 -> 11836000 | M88: 1607000 | O88: =J88-K88 -> 11836000 | P88: =J88-M88 -> 10229000
A89: H | D89: Kebutuhan Asrama | J89: =J90+J99 -> 6760000 | K89: =K90+K99 -> 0 | M89: =M90+M99 -> 0 | O89: =J89-K89 -> 6760000 | P89: =J89-M89 -> 6760000
A90: 521252 | D90: Belanja Peralatan dan Mesin - Ekstrakomptabel | J90: =SUM(J92:J98) -> 5600000 | K90: =SUM(K92:K98) -> 0 | M90: =SUM(M92:M98) -> 0 | O90: =J90-K90 -> 5600000 | P90: =J90-M90 -> 5600000
D91: (KPPN.182-Jakarta VII ) | O91: =J91-K91 -> 0 | P91: =J91-M91 -> 0
D92: - | E92: Rak Sepatu [2 Set x 1 Smt x 1 Lok] | G92: 2 | H92: SET | I92: 350000 | J92: =G92*I92 -> 700000 | O92: =J92-K92 -> 700000 | P92: =J92-M92 -> 700000
D93: - | E93: Setrika [2 Set x 1 Smt x 1 Lok] | G93: 2 | H93: SET | I93: 225000 | J93: =G93*I93 -> 450000 | O93: =J93-K93 -> 450000 | P93: =J93-M93 -> 450000
D94: - | E94: Jemuran Pakaian (di dalam ruangan) [2 Set x 1 SMT x 1 Lok] | G94: 2 | H94: SET | I94: 450000 | J94: =G94*I94 -> 900000 | O94: =J94-K94 -> 900000 | P94: =J94-M94 -> 900000
D95: - | E95: Jam Dinding [2 Set x 1 SMT x 1 Lok] | G95: 2 | H95: SET | I95: 250000 | J95: =G95*I95 -> 500000 | O95: =J95-K95 -> 500000 | P95: =J95-M95 -> 500000
D96: - | E96: Tempat Sampah [2 Set x 1 Smt x 1 Lok] | G96: 2 | H96: SET | I96: 100000 | J96: =G96*I96 -> 200000 | O96: =J96-K96 -> 200000 | P96: =J96-M96 -> 200000
D97: - | E97: Dispenser Air [2 Set x 1 SMT x 1 Lok] | G97: 2 | H97: SET | I97: 725000 | J97: =G97*I97 -> 1450000 | O97: =J97-K97 -> 1450000 | P97: =J97-M97 -> 1450000
D98: - | E98: Jemuran Pakaian (di Luar ruangan) [2 Set x 1 Smt x 1 Lok] | G98: 2 | H98: SET | I98: 700000 | J98: =G98*I98 -> 1400000 | O98: =J98-K98 -> 1400000 | P98: =J98-M98 -> 1400000
A99: 521811 | D99: Belanja Barang Persediaan Barang Konsumsi | J99: =SUM(J101:J104) -> 1160000 | K99: =SUM(K101:K104) -> 0 | M99: =SUM(M101:M104) -> 0 | O99: =J99-K99 -> 1160000 | P99: =J99-M99 -> 1160000
D100: (KPPN.182-Jakarta VII ) | O100: =J100-K100 -> 0 | P100: =J100-M100 -> 0
...

Sheet SMA
J2: PAGU | K2: REALISASI | O2: SALDO | Q2: PAGU
K3: SP2D | L3: % | M3: AKRURAL | N3: % | O3: SP2D | P3: AKRURAL
A4: 027.01.DQ | D4: Program Perlindungan Sosial | J4: 2097544232000 | Q4: 2097544232000
A5: 7936 | D5: Penyelenggaraan Program Sekolah Rakyat | J5: 2088632535000 | Q5: 2088632535000
A6: 7936.SBB | D6: Pendidikan Menengah[Penambahan alokasi dari SABA 999.08 ke 9A] | G6: 14575.0 Orang | H6: 14575.0 Orang | J6: 650993737000 | Q6: 650993737000
D7: Lokasi : KOTA JAKARTA PUSAT
A8: 7936.SBB.101 | D8: Penyelenggaraan Pendidikan Menengah Atas Sekolah Rakyat | G8: 14575.0 Orang | H8: 14575.0 Orang | J8: 650993737000 | K8: =K9+K153+K297+K441+K585+K729+K873+K1017+K1161+K1305+K1449 -> 1336068710 | L8: =(K8/J8)*100 -> 0.20523526 | M8: =M9+M153+M297+M441+M585+M729+M873+M1017+M1161+M1305+M1449 -> 775505596 | N8: =(K8/J8)*100 -> 0.20523526 | O8: =O9+O153+O297+O441+O585+O729+O873+O1017+O1161+O1305+O1449 -> 41412762290 | P8: =P9+P153+P297+P441+P585+P729+P873+P1017+P1161+P1305+P1449 -> 41116911526 | Q8: 650993737000
A9: 210 | D9: Sekolah Rakyat Menengah Atas 10 Jakarta Selatan | J9: =J10+J24+J36+J49+J66+J75+J85+J90+J106+J120+J128+J136+J142 -> 5105246000 | K9: =K10+K24+K36+K49+K66+K75+K85+K90+K106+K120+K128+K136+K142 -> 314938900 | L9: =(K9/J9)*100 -> 6.168927 | M9: =M10+M24+M36+M49+M66+M75+M85+M90+M106+M120+M128+M136+M142 -> 775505596 | N9: =(K9/J9)*100 -> 6.168927 | O9: =O10+O24+O36+O49+O66+O75+O85+O90+O106+O120+O128+O136+O142 -> 4758307100 | P9: =P10+P24+P36+P49+P66+P75+P85+P90+P106+P120+P128+P136+P142 -> 4297740404 | Q9: 5073246000 | R9: 346295364 | S9: 6,83
A10: A | D10: Kegiatan Belajar Mengajar | J10: =J11+J20 -> 247640000 | K10: =K11+K20 -> 0 | L10: =(K10/J10)*100 -> 0 | M10: =M11+M20 -> 74991832 | N10: =(K10/J10)*100 -> 0 | O10: =O11+O20 -> 247640000 | P10: =P11+P20 -> 172648168 | Q10: =Q11+Q20 -> 247640000
A11: 521211 | D11: Belanja Bahan | J11: =SUM(J13:J19) -> 227640000 | K11: =SUM(K13:K19) -> 0 | L11: =(K11/J11)*100 -> 0 | M11: =SUM(M13:M19) -> 74441832 | N11: =(K11/J11)*100 -> 0 | O11: =SUM(O13:O19) -> 227640000 | P11: =SUM(P13:P19) -> 153198168 | Q11: =SUM(Q13:Q19) -> 227640000
D12: (KPPN.182-Jakarta VII )
D13: - | E13: ATK Kelas [1 PKT x 12 BLN x 4 ROM] | G13: 48 | H13: OK | I13: 500000 | J13: =G13*I13 -> 24000000 | L13: =(K13/J13)*100 -> 0 | M13: 1574440 | N13: =(K13/J13)*100 -> 0 | O13: =J13-K13 -> 24000000 | P13: =J13-M13 -> 22425560 | Q13: 24000000 | R13: 12321800
D14: - | E14: Buku Pegangan Guru [1 PKT x 2 SMT x 1 LOK] | G14: 2 | H14: OK | I14: 2000000 | J14: =G14*I14 -> 4000000 | L14: =(K14/J14)*100 -> 0 | M14: 3037670 | N14: =(K14/J14)*100 -> 0 | O14: =J14-K14 -> 4000000 | P14: =J14-M14 -> 962330 | Q14: 4000000
D15: - | E15: Buku Penunjang Kegiatan Belajar Mengajar [5 PKT x 2 SMT x 1 LOK] | G15: 10 | H15: OK | I15: 500000 | J15: =G15*I15 -> 5000000 | L15: =(K15/J15)*100 -> 0 | M15: 16203000 | N15: =(K15/J15)*100 -> 0 | O15: =J15-K15 -> 5000000 | P15: =J15-M15 -> -11203000 | Q15: 5000000
D16: - | E16: Penggandaan Soal [25 ORG x 4 KEG x 4 ROM] | G16: 400 | H16: OK | I16: 25000 | J16: =G16*I16 -> 10000000 | L16: =(K16/J16)*100 -> 0 | M16: 487500 | N16: =(K16/J16)*100 -> 0 | O16: =J16-K16 -> 10000000 | P16: =J16-M16 -> 9512500 | Q16: 10000000
D17: - | E17: Konsumsi Rapat Eksternal [40 ORG x 4 KEG x 2 HR x 1 LOK | G17: 320 | H17: OK | I17: 53000 | J17: =G17*I17 -> 16960000 | L17: =(K17/J17)*100 -> 0 | M17: 11136600 | N17: =(K17/J17)*100 -> 0 | O17: =J17-K17 -> 16960000 | P17: =J17-M17 -> 5823400 | Q17: 16960000 | R17: 13705000
D18: - | E18: Snack Rapat Eksternal [40 ORG x 4 KEG x 2 HR x 1 LOK | G18: 320 | H18: OK | I18: 24000 | J18: =G18*I18 -> 7680000 | L18: =(K18/J18)*100 -> 0 | M18: 6143000 | N18: =(K18/J18)*100 -> 0 | O18: =J18-K18 -> 7680000 | P18: =J18-M18 -> 1537000 | Q18: 7680000 | R18: 5448000
D19: - | E19: Media Pembelajaran dan Laporan Perkembangan Siswa [25 ORG x 2 PKT x 4 ROM] | G19: 200 | H19: OK | I19: 800000 | J19: =G19*I19 -> 160000000 | L19: =(K19/J19)*100 -> 0 | M19: 35859622 | N19: =(K19/J19)*100 -> 0 | O19: =J19-K19 -> 160000000 | P19: =J19-M19 -> 124140378 | Q19: 160000000 | R19: 66856000
A20: 522151 | D20: Belanja Jasa Profesi | J20: =SUM(J22:J23) -> 20000000 | K20: =SUM(K22:K23) -> 0 | L20: =(K20/J20)*100 -> 0 | M20: =SUM(M22:M23) -> 550000 | N20: =(K20/J20)*100 -> 0 | O20: =SUM(O22:O23) -> 20000000 | P20: =SUM(P22:P23) -> 19450000 | Q20: =SUM(Q22:Q23) -> 20000000
D21: (KPPN.182-Jakarta VII )
D22: - | E22: Honor Instruktur [4 ORG x 2 Jam x 4 ROM] | G22: 32 | H22: OK | I22: 500000 | J22: =G22*I22 -> 16000000 | L22: =(K22/J22)*100 -> 0 | N22: =(K22/J22)*100 -> 0 | O22: =J22-K22 -> 16000000 | P22: =J22-M22 -> 16000000 | Q22: 16000000 | R22: 4500000
D23: - | E23: Honor Narasumber [2 ORG x 2 JAM x 2 KEG] | G23: 8 | H23: OK | I23: 500000 | J23: =G23*I23 -> 4000000 | L23: =(K23/J23)*100 -> 0 | M23: 550000 | N23: =(K23/J23)*100 -> 0 | O23: =J23-K23 -> 4000000 | P23: =J23-M23 -> 3450000 | Q23: 4000000 | R23: 1000000
A24: B | D24: Praktikum Komunitas | J24: =J25+J30+J33 -> 45700000 | K24: =K25+K30+K33 -> 0 | L24: =(K24/J24)*100 -> 0 | M24: =M25+M30+M33 -> 15107300 | N24: =(K24/J24)*100 -> 0 | O24: =O25+O30+O33 -> 45700000 | P24: =P25+P30+P33 -> 30592700 | Q24: 45700000
A25: 521211 | D25: Belanja Bahan | J25: =SUM(J27:J29) -> 11700000 | K25: =SUM(K27:K29) -> 0 | L25: =(K25/J25)*100 -> 0 | M25: =SUM(M27:M29) -> 6397300 | N25: =(K25/J25)*100 -> 0 | O25: =SUM(O27:O29) -> 11700000 | P25: =SUM(P27:P29) -> 5302700 | Q25: 11700000
D26: (KPPN.182-Jakarta VII )
D27: - | E27: Snack dan Konsumsi Siswa [25 ORG x 2 keg x 4 Rom] | G27: 200 | H27: OK | I27: 53000 | J27: =G27*I27 -> 10600000 | L27: =(K27/J27)*100 -> 0 | M27: 6297300 | N27: =(K27/J27)*100 -> 0 | O27: =J27-K27 -> 10600000 | P27: =J27-M27 -> 4302700 | Q27: 10600000
D28: - | E28: Dokumentasi Pelaporan [1 KEG x 2 LOK] | G28: 2 | H28: OK | I28: 250000 | J28: =G28*I28 -> 500000 | L28: =(K28/J28)*100 -> 0 | N28: =(K28/J28)*100 -> 0 | O28: =J28-K28 -> 500000 | P28: =J28-M28 -> 500000 | Q28: 500000
D29: - | E29: Spanduk [1 KEG x 2 LOK] | G29: 2 | H29: OK | I29: 300000 | J29: =G29*I29 -> 600000 | L29: =(K29/J29)*100 -> 0 | M29: 100000 | N29: =(K29/J29)*100 -> 0 | O29: =J29-K29 -> 600000 | P29: =J29-M29 -> 500000 | Q29: 600000 | R29: 450000
A30: 521213 | D30: Belanja Honor Output Kegiatan | J30: =J32 -> 2000000 | K30: =K32 | L30: =(K30/J30)*100 -> 0 | M30: =M32 -> 1110000 | N30: =(K30/J30)*100 -> 0 | O30: =O32 -> 2000000 | P30: =P32 -> 890000 | Q30: 2000000
D31: (KPPN.182-Jakarta VII )
D32: - | E32: Honor Pemandu Praktikum [2 ORG x 2 KEG] | G32: 4 | H32: OK | I32: 500000 | J32: =G32*I32 -> 2000000 | L32: =(K32/J32)*100 -> 0 | M32: 1110000 | N32: =(K32/J32)*100 -> 0 | O32: =J32-K32 -> 2000000 | P32: =J32-M32 -> 890000 | Q32: 2000000
A33: 522141 | D33: Belanja Sewa | J33: =J35 -> 32000000 | K33: =K35 | L33: =(K33/J33)*100 -> 0 | M33: =M35 -> 7600000 | N33: =(K33/J33)*100 -> 0 | O33: =O35 -> 32000000 | P33: =P35 -> 24400000 | Q33: 32000000
D34: (KPPN.182-Jakarta VII )
D35: - | E35: Sewa Bus [1 UNIT x 2 keg x 4 ROm] | G35: 8 | H35: OK | I35: 4000000 | J35: =G35*I35 -> 32000000 | L35: =(K35/J35)*100 -> 0 | M35: 7600000 | N35: =(K35/J35)*100 -> 0 | O35: =J35-K35 -> 32000000 | P35: =J35-M35 -> 24400000 | Q35: 32000000
A36: C | D36: Kegiatan Krida | J36: =J37+J43+J46 -> 107350000 | K36: =K37+K43+K46 -> 0 | L36: =(K36/J36)*100 -> 0 | M36: =M37+M43+M46 -> 0 | N36: =(K36/J36)*100 -> 0 | O36: =O37+O43+O46 -> 107350000 | P36: =P37+P43+P46 -> 107350000 | Q36: 107350000 | R36: 22200000
A37: 521211 | D37: Belanja Bahan | J37: =SUM(J39:J42) -> 73350000 | K37: =SUM(K39:K42) -> 0 | L37: =(K37/J37)*100 -> 0 | M37: =SUM(M39:M42) -> 0 | N37: =(K37/J37)*100 -> 0 | O37: =SUM(O39:O42) -> 73350000 | P37: =SUM(P39:P42) -> 73350000 | Q37: 73350000
D38: (KPPN.182-Jakarta VII )
D39: - | E39: Konsumsi dan Snack Siswa [25 Org x 2 keg x 4 Rom] | G39: 200 | H39: OK | I39: 53000 | J39: =G39*I39 -> 10600000 | L39: =(K39/J39)*100 -> 0 | N39: =(K39/J39)*100 -> 0 | O39: =J39-K39 -> 10600000 | P39: =J39-M39 -> 10600000 | Q39: 10600000
D40: - | E40: Sarana Pendukung Keagamaan [5 keg x 1 lo] | G40: 5 | H40: OK | I40: 500000 | J40: =G40*I40 -> 2500000 | L40: =(K40/J40)*100 -> 0 | N40: =(K40/J40)*100 -> 0 | O40: =J40-K40 -> 2500000 | P40: =J40-M40 -> 2500000 | Q40: 2500000
D41: - | E41: Dokumentasi dan Pelaporan [1 KEG x 1 LOK] | G41: 1 | H41: KEG | I41: 250000 | J41: =G41*I41 -> 250000 | L41: =(K41/J41)*100 -> 0 | N41: =(K41/J41)*100 -> 0 | O41: =J41-K41 -> 250000 | P41: =J41-M41 -> 250000 | Q41: 250000
D42: - | E42: Media Pembelajaran [25 ORG x 2 KEG x 4 ROM] | G42: 200 | H42: OK | I42: 300000 | J42: =G42*I42 -> 60000000 | L42: =(K42/J42)*100 -> 0 | N42: =(K42/J42)*100 -> 0 | O42: =J42-K42 -> 60000000 | P42: =J42-M42 -> 60000000 | Q42: 60000000
A43: 522141 | D43: Belanja Sewa | J43: =J45 -> 32000000 | K43: =K45 | L43: =(K43/J43)*100 -> 0 | M43: =M45 | N43: =(K43/J43)*100 -> 0 | O43: =O45 -> 32000000 | P43: =P45 -> 32000000 | Q43: 32000000
D44: (KPPN.182-Jakarta VII )
D45: - | E45: Sewa Bus [1 unt x 2 keg x 4 Rom] | G45: 8 | H45: OK | I45: 4000000 | J45: =G45*I45 -> 32000000 | L45: =(K45/J45)*100 -> 0 | N45: =(K45/J45)*100 -> 0 | O45: =J45-K45 -> 32000000 | P45: =J45-M45 -> 32000000 | Q45: 32000000
A46: 522151 | D46: Belanja Jasa Profesi | J46: =J48 -> 2000000 | K46: =K48 | L46: =(K46/J46)*100 -> 0 | M46: =M48 | N46: =(K46/J46)*100 -> 0 | O46: =O48 -> 2000000 | P46: =P48 -> 2000000 | Q46: 2000000
D47: (KPPN.182-Jakarta VII )
D48: - | E48: Honor Instruktur [2 ORG x 2 keg x 1 LOK] | G48: 4 | H48: OK | I48: 500000 | J48: =G48*I48 -> 2000000 | L48: =(K48/J48)*100 -> 0 | N48: =(K48/J48)*100 -> 0 | O48: =J48-K48 -> 2000000 | P48: =J48-M48 -> 2000000 | Q48: 2000000
A49: D | D49: Karya Ilmiah dan Latihan Olah Bakat dan Minat | J49: =J50+J53+J57+J60+J63 -> 320600000 | K49: =K50+K53+K57+K60+K63 -> 0 | L49: =(K49/J49)*100 -> 0 | M49: =M50+M53+M57+M60+M63 -> 14972662 | N49: =(K49/J49)*100 -> 0 | O49: =O50+O53+O57+O60+O63 -> 288600000 | P49: =P50+P53+P57+P60+P63 -> 273627338 | Q49: 288600000
A50: 521211 | D50: Belanja Bahan | J50: =J52 -> 63600000 | K50: =K52 | L50: =(K50/J50)*100 -> 0 | M50: =M52 -> 788020 | N50: =(K50/J50)*100 -> 0 | O50: =O52 -> 63600000 | P50: =P52 -> 62811980 | Q50: 63600000
D51: (KPPN.182-Jakarta VII )
D52: - | E52: Snack dan Konsumsi Siswa [25 ORG x 4 KL x 3 hr x 4 Rom | G52: 1200 | H52: OK | I52: 53000 | J52: =G52*I52 -> 63600000 | L52: =(K52/J52)*100 -> 0 | M52: 788020 | N52: =(K52/J52)*100 -> 0 | O52: =J52-K52 -> 63600000 | P52: =J52-M52 -> 62811980 | Q52: 63600000
A53: 521219 | D53: Belanja Barang Non Operasional Lainnya | J53: =SUM(J55:J56) -> 135000000 | K53: =SUM(K55:K56) -> 0 | L53: =(K53/J53)*100 -> 0 | M53: =SUM(M55:M56) -> 3034642 | N53: =(K53/J53)*100 -> 0 | O53: =SUM(O55:O56) -> 135000000 | P53: =SUM(P55:P56) -> 131965358 | Q53: 135000000
D54: (KPPN.182-Jakarta VII )
D55: - | E55: Pengembangan Kompetensi Siswa dan Kegiatan Sekolah [1 Pkt] | G55: 1 | H55: PKT | I55: 95000000 | J55: =G55*I55 -> 95000000 | L55: =(K55/J55)*100 -> 0 | M55: 3034642 | N55: =(K55/J55)*100 -> 0 | O55: =J55-K55 -> 95000000 | P55: =J55-M55 -> 91965358 | Q55: 95000000 | R55: 87500000
D56: - | E56: Biaya Masuk Lokasi Study [25 ORG x 2 Bln x 4 ROM] | G56: 200 | H56: OK | I56: 200000 | J56: =G56*I56 -> 40000000 | L56: =(K56/J56)*100 -> 0 | N56: =(K56/J56)*100 -> 0 | O56: =J56-K56 -> 40000000 | P56: =J56-M56 -> 40000000 | Q56: 40000000 | R56: 26350000
A57: 521811 | D57: Belanja Barang Persediaan Barang Konsumsi | J57: =SUM(J59:J60) -> 42000000 | K57: =SUM(K59:K60) -> 0 | L57: =(K57/J57)*100 -> 0 | M57: =SUM(M59:M60) -> 0 | N57: =(K57/J57)*100 -> 0 | O57: =O59 -> 10000000 | P57: =P59 -> 10000000 | Q57: 10000000
D58: (KPPN.182-Jakarta VII )
D59: - | E59: Media Ekstrakulikuler Lainnya [20 Pcs x 1 Pkt x 1 Lok] | G59: 20 | H59: OK | I59: 500000 | J59: =G59*I59 -> 10000000 | L59: =(K59/J59)*100 -> 0 | N59: =(K59/J59)*100 -> 0 | O59: =J59-K59 -> 10000000 | P59: =J59-M59 -> 10000000 | Q59: 10000000
A60: 522141 | D60: Belanja Sewa | J60: =J62 -> 32000000 | K60: =K62 | L60: =(K60/J60)*100 -> 0 | M60: =M62 | N60: =(K60/J60)*100 -> 0 | O60: =O62 -> 32000000 | P60: =P62 -> 32000000 | Q60: 32000000
D61: (KPPN.182-Jakarta VII )
D62: - | E62: Sewa Bus [1 unt x 2 keg x 4 Rom] | G62: 8 | H62: OK | I62: 4000000 | J62: =G62*I62 -> 32000000 | L62: =(K62/J62)*100 -> 0 | N62: =(K62/J62)*100 -> 0 | O62: =J62-K62 -> 32000000 | P62: =J62-M62 -> 32000000 | Q62: 32000000 | R62: 22800000
A63: 522151 | D63: Belanja Jasa Profesi | J63: =J65 -> 48000000 | K63: =K65 | L63: =(K63/J63)*100 -> 0 | M63: =M65 -> 11150000 | N63: =(K63/J63)*100 -> 0 | O63: =O65 -> 48000000 | P63: =P65 -> 36850000 | Q63: 48000000
D64: (KPPN.182-Jakarta VII )
D65: - | E65: Honor Pembimbing Olahraga/Olah Minat [4 ORG x 2 KL x 12 BLN x 1 LOK | G65: 96 | H65: OK | I65: 500000 | J65: =G65*I65 -> 48000000 | L65: =(K65/J65)*100 -> 0 | M65: 11150000 | N65: =(K65/J65)*100 -> 0 | O65: =J65-K65 -> 48000000 | P65: =J65-M65 -> 36850000 | Q65: 48000000
A66: E | D66: Koordinasi dan Konsultasi Sekolah Rakyat | J66: =J67+J72 -> 151200000 | K66: =K67+K72 -> 57156900 | L66: =(K66/J66)*100 -> 37.802183 | M66: =M67+M72 -> 170000 | N66: =(K66/J66)*100 -> 37.802183 | O66: =O67+O72 -> 94043100 | P66: =P67+P72 -> 151030000 | Q66: 151200000
A67: 524111 | D67: Belanja Perjalanan Dinas Biasa | J67: =SUM(J69:J71) -> 142700000 | K67: =SUM(K69:K71) -> 57156900 | L67: =(K67/J67)*100 -> 40.053889 | M67: =SUM(M69:M71) -> 0 | N67: =(K67/J67)*100 -> 40.053889 | O67: =SUM(O69:O71) -> 85543100 | P67: =SUM(P69:P71) -> 142700000 | Q67: 142700000
D68: (KPPN.182-Jakarta VII )
D69: - | E69: transport petugas [5 Org x 2 KEG x 2 KL x 1 Lok | G69: 20 | H69: OK | I69: 5000000 | J69: =G69*I69 -> 100000000 | K69: 37902900 | L69: =(K69/J69)*100 -> 37.9029 | N69: =(K69/J69)*100 -> 37.9029 | O69: =J69-K69 -> 62097100 | P69: =J69-M69 -> 100000000 | Q69: 100000000
D70: - | E70: uang penginapan petugas [5 Org x 2 KEG x 3 HR x 1 Lok | G70: 30 | H70: OK | I70: 850000 | J70: =G70*I70 -> 25500000 | K70: 13406000 | L70: =(K70/J70)*100 -> 52.572549 | N70: =(K70/J70)*100 -> 52.572549 | O70: =J70-K70 -> 12094000 | P70: =J70-M70 -> 25500000 | Q70: 25500000
D71: - | E71: Uang Harian Petugas [5 Org x 2 KEG x 4 HR x 1 Lok | G71: 40 | H71: OK | I71: 430000 | J71: =G71*I71 -> 17200000 | K71: 5848000 | L71: =(K71/J71)*100 -> 34 | N71: =(K71/J71)*100 -> 34 | O71: =J71-K71 -> 11352000 | P71: =J71-M71 -> 17200000 | Q71: 17200000
A72: 524113 | D72: Belanja Perjalanan Dinas Dalam Kota | J72: =J74 -> 8500000 | K72: =K74 | L72: =(K72/J72)*100 -> 0 | M72: =M74 -> 170000 | N72: =(K72/J72)*100 -> 0 | O72: =O74 -> 8500000 | P72: =P74 -> 8330000 | Q72: 8500000
D73: (KPPN.182-Jakarta VII )
D74: - | E74: transport petugas [10 Org x 1 KEG x 5 KL x 1 Lok | G74: 50 | H74: OK | I74: 170000 | J74: =G74*I74 -> 8500000 | L74: =(K74/J74)*100 -> 0 | M74: 170000 | N74: =(K74/J74)*100 -> 0 | O74: =J74-K74 -> 8500000 | P74: =J74-M74 -> 8330000 | Q74: 8500000
A75: F | D75: Permakanan dan Perawatan Siswa | J75: =J76+J81 -> 2553000000 | K75: =K76+K81 -> 257782000 | L75: =(K75/J75)*100 -> 10.097219 | M75: =M76+M81 -> 641988960 | N75: =(K75/J75)*100 -> 10.097219 | O75: =O76+O81 -> 2295218000 | P75: =P76+P81 -> 1911011040 | Q75: 2553000000
A76: 521112 | D76: Belanja Pengadaan Bahan Makanan | J76: =SUM(J78:J80) -> 2415000000 | K76: =SUM(K78:K80) -> 257782000 | L76: =(K76/J76)*100 -> 10.674203 | M76: =SUM(M78:M80) -> 614348000 | N76: =(K76/J76)*100 -> 10.674203 | O76: =SUM(O78:O80) -> 2157218000 | P76: =SUM(P78:P80) -> 1800652000 | Q76: 2415000000
D77: (KPPN.182-Jakarta VII )
D78: - | E78: Makan Siswa [25 Org x 3 KL x 365 HR x 4 ROM | G78: 109500 | H78: OH | I78: 15000 | J78: =G78*I78 -> 1642500000 | K78: 189000000 | L78: =(K78/J78)*100 -> 11.506849 | M78: 410100000 | N78: =(K78/J78)*100 -> 11.506849 | O78: =J78-K78 -> 1453500000 | P78: =J78-M78 -> 1232400000 | Q78: 1642500000
D79: - | E79: Air Minum [25 BH x 12 BLN x 30 HR x 1 LOK | G79: 9000 | H79: OH | I79: 25000 | J79: =G79*I79 -> 225000000 | K79: 5782000 | L79: =(K79/J79)*100 -> 2.5697778 | M79: 16298000 | N79: =(K79/J79)*100 -> 2.5697778 | O79: =J79-K79 -> 219218000 | P79: =J79-M79 -> 208702000 | Q79: 225000000
D80: - | E80: Snack Siswa [25 Org x 2 KL x 365 HR x 4 ROM | G80: 73000 | H80: OH | I80: 7500 | J80: =G80*I80 -> 547500000 | K80: 63000000 | L80: =(K80/J80)*100 -> 11.506849 | M80: 187950000 | N80: =(K80/J80)*100 -> 11.506849 | O80: =J80-K80 -> 484500000 | P80: =J80-M80 -> 359550000 | Q80: 547500000
A81: 521219 | D81: Belanja Barang Non Operasional Lainnya | J81: =SUM(J83:J84) -> 138000000 | K81: =SUM(K83:K84) -> 0 | L81: =(K81/J81)*100 -> 0 | M81: =SUM(M83:M84) -> 27640960 | N81: =(K81/J81)*100 -> 0 | O81: =O83+O84 -> 138000000 | P81: =P83+P84 -> 110359040 | Q81: 138000000
D82: (KPPN.182-Jakarta VII )
D83: - | E83: Kesehatan Siswa [15 Org x 12 Bln x 1 LOK] | G83: 180 | H83: OH | I83: 500000 | J83: =G83*I83 -> 90000000 | L83: =(K83/J83)*100 -> 0 | M83: 2890960 | N83: =(K83/J83)*100 -> 0 | O83: =J83-K83 -> 90000000 | P83: =J83-M83 -> 87109040 | Q83: 90000000 | R83: 89383686
D84: - | E84: Perawatan Diri [25 Org x 12 Bln x 4 Rom] | G84: 1200 | H84: OH | I84: 40000 | J84: =G84*I84 -> 48000000 | L84: =(K84/J84)*100 -> 0 | M84: 24750000 | N84: =(K84/J84)*100 -> 0 | O84: =J84-K84 -> 48000000 | P84: =J84-M84 -> 23250000 | Q84: 48000000
A85: G | D85: Perlengkapan Operasional Sekolah | J85: =J86 -> 43636000 | K85: =K86 -> 0 | L85: =(K85/J85)*100 -> 0 | M85: =M86 -> 28274842 | N85: =(K85/J85)*100 -> 0 | O85: =O86 -> 43636000 | P85: =P86 -> 15361158 | Q85: 43636000
A86: 521811 | D86: Belanja Barang Persediaan Barang Konsumsi | J86: =SUM(J88:J89) -> 43636000 | K86: =SUM(K88:K89) -> 0 | L86: =(K86/J86)*100 -> 0 | M86: =SUM(M88:M89) -> 28274842 | N86: =(K86/J86)*100 -> 0 | O86: =SUM(O88:O89) -> 43636000 | P86: =SUM(P88:P89) -> 15361158 | Q86: 43636000
D87: (KPPN.182-Jakarta VII )
D88: - | E88: Obat obatan ringan [1 ls x 12 Bln x 1 lok] | G88: 12 | H88: SET | I88: 2500000 | J88: =G88*I88 -> 30000000 | L88: =(K88/J88)*100 -> 0 | M88: 3524842 | N88: =(K88/J88)*100 -> 0 | O88: =J88-K88 -> 30000000 | P88: =J88-M88 -> 26475158 | Q88: 30000000 | R88: 28703000
D89: - | E89: Alat Kebersihan Asrama [1 Pkt] | G89: 1 | H89: PKT | I89: 13636000 | J89: =G89*I89 -> 13636000 | L89: =(K89/J89)*100 -> 0 | M89: 24750000 | N89: =(K89/J89)*100 -> 0 | O89: =J89-K89 -> 13636000 | P89: =J89-M89 -> -11114000 | Q89: 13636000
A90: H | D90: Kebutuhan Asrama | J90: =J91+J100 -> 6760000 | K90: =K91+K100 -> 0 | L90: =(K90/J90)*100 -> 0 | M90: =M91+M100 -> 0 | N90: =(K90/J90)*100 -> 0 | O90: =O91+O100 -> 6760000 | P90: =P91+P100 -> 6760000 | Q90: 6760000
A91: 521252 | D91: Belanja Peralatan dan Mesin - Ekstrakomptabel | J91: =SUM(J93:J99) -> 5600000 | K91: =SUM(K93:K99) -> 0 | L91: =(K91/J91)*100 -> 0 | M91: =SUM(M93:M99) -> 0 | N91: =(K91/J91)*100 -> 0 | O91: =SUM(O93:O99) -> 5600000 | P91: =SUM(P93:P99) -> 5600000 | Q91: 5600000
D92: (KPPN.182-Jakarta VII )
D93: - | E93: Rak Sepatu [2 Set x 1 Smt x 1 Lok] | G93: 2 | H93: SET | I93: 350000 | J93: =G93*I93 -> 700000 | L93: =(K93/J93)*100 -> 0 | N93: =(K93/J93)*100 -> 0 | O93: =J93-K93 -> 700000 | P93: =J93-M93 -> 700000 | Q93: 700000
D94: - | E94: Setrika [2 Set x 1 Smt x 1 Lok] | G94: 2 | H94: SET | I94: 225000 | J94: =G94*I94 -> 450000 | L94: =(K94/J94)*100 -> 0 | N94: =(K94/J94)*100 -> 0 | O94: =J94-K94 -> 450000 | P94: =J94-M94 -> 450000 | Q94: 450000
D95: - | E95: Jemuran Pakaian (di dalam ruangan) [2 Set x 1 SMT x 1 Lok] | G95: 2 | H95: SET | I95: 450000 | J95: =G95*I95 -> 900000 | L95: =(K95/J95)*100 -> 0 | N95: =(K95/J95)*100 -> 0 | O95: =J95-K95 -> 900000 | P95: =J95-M95 -> 900000 | Q95: 900000
D96: - | E96: Jam Dinding [2 Set x 1 SMT x 1 Lok] | G96: 2 | H96: SET | I96: 250000 | J96: =G96*I96 -> 500000 | L96: =(K96/J96)*100 -> 0 | N96: =(K96/J96)*100 -> 0 | O96: =J96-K96 -> 500000 | P96: =J96-M96 -> 500000 | Q96: 500000
D97: - | E97: Tempat Sampah [2 Set x 1 Smt x 1 Lok] | G97: 2 | H97: SET | I97: 100000 | J97: =G97*I97 -> 200000 | L97: =(K97/J97)*100 -> 0 | N97: =(K97/J97)*100 -> 0 | O97: =J97-K97 -> 200000 | P97: =J97-M97 -> 200000 | Q97: 200000
D98: - | E98: Dispenser Air [2 Set x 1 SMT x 1 Lok] | G98: 2 | H98: SET | I98: 725000 | J98: =G98*I98 -> 1450000 | L98: =(K98/J98)*100 -> 0 | N98: =(K98/J98)*100 -> 0 | O98: =J98-K98 -> 1450000 | P98: =J98-M98 -> 1450000 | Q98: 1450000
D99: - | E99: Jemuran Pakaian (di Luar ruangan) [2 Set x 1 Smt x 1 Lok] | G99: 2 | H99: SET | I99: 700000 | J99: =G99*I99 -> 1400000 | L99: =(K99/J99)*100 -> 0 | N99: =(K99/J99)*100 -> 0 | O99: =J99-K99 -> 1400000 | P99: =J99-M99 -> 1400000 | Q99: 1400000
A100: 521811 | D100: Belanja Barang Persediaan Barang Konsumsi | J100: =SUM(J102:J105) -> 1160000 | K100: =SUM(K102:K105) -> 0 | L100: =(K100/J100)*100 -> 0 | M100: =SUM(M102:M105) -> 0 | N100: =(K100/J100)*100 -> 0 | O100: =SUM(O102:O105) -> 1160000 | P100: =SUM(P102:P105) -> 1160000 | Q100: 1160000
D101: (KPPN.182-Jakarta VII )
...

Sheet LAYANAN PERKANTORAN
D1: REALISASI AKRURAL
D2: WA.7937.EBA.994.002.F.522191 | I2: JAKSEL | J2: UNESA | K2: LAMONGAN | L2: MALANG | M2: PASURUAN 3 | N2: TRENGGALEK 50 | O2: PASURUAN 48 | P2: PASURUAN 28 | Q2: PROBOLINGGO | R2: BANYUWANGI 2 | S2: BANYUWANGI 47 | T2: BANGKALAN | U2: PAMEKASAN | V2: SUMENEP | W2: PACITAN | X2: PONOROGO | Y2: TOTAL REALISASI | Z2: SILPA
C3: 7937.EBA.994 | D3: Layanan Perkantoran
C4: 002 | D4: Operasional dan Pemeliharaan Kantor | H4: =H6+H9+H12 -> 5686500000 | I4: =I6+I9+I12 -> 24385727 | J4: =J6+J9+J12 -> 0 | K4: =K6+K9+K12 -> 600000 | L4: =L6+L9+L12 -> 0 | M4: =M6+M9+M12 -> 0 | N4: =N6+N9 -> 72404051 | O4: =O6+O9+O12 -> 62626091 | P4: =P6+P9+P12 -> 0 | Q4: =Q6+Q9+Q12 -> 0 | R4: =R6+R9+R12 -> 0 | S4: =S6+S9+S12 -> 0 | T4: =T6+T9+T12 -> 0 | U4: =U6+U9+U12 -> 0 | V4: =V6+V9+V12 -> 0 | ... X4: =X6+X9+X12 -> 177967879 | Y4: =SUM(I4:X4) -> 432079926 | Z4: =H4-Y4 -> 5254420074
C5: F | D5: Operasional Perkantoran | Y5: =SUM(I5:W5) -> 0 | Z5: =H5-Y5 -> 0
C6: 521111 | D6: Belanja Keperluan Perkantoran | H6: =H7+H8 -> 2835000000 | I6: =I7+I8 -> 24385727 | J6: =J7+J8 -> 0 | K6: =K7+K8 -> 600000 | L6: =L7+L8 -> 0 | M6: =M7+M8 -> 0 | N6: =N7 -> 51804051 | O6: =O7+O8 -> 19751171 | P6: =P7+P8 -> 0 | Q6: =Q7+Q8 -> 0 | R6: =R7+R8 -> 0 | S6: =S7+S8 -> 0 | T6: =T7+T8 -> 0 | U6: =U7+U8 -> 0 | V6: =V7+V8 -> 0 | ... X6: =X7+X8 -> 140259131 | Y6: =SUM(I6:X6) -> 317058080 | Z6: =H6-Y6 -> 2517941920
D7: Keperluan Sehari-hari Perkantoran [1 pkt x 12 bln x 300] | E7: 180 | F7: PKT | G7: 15000000 | H7: =G7*E7 -> 2700000000 | I7: 24385727 | N7: 51804051 | O7: 16360936 | W7: 79208000 | X7: 140259131 | Y7: =SUM(I7:X7) -> 312017845 | Z7: =H7-Y7 -> 2387982155
D8: Biaya Retrebusi Sampah [1 pkt x 12 bln x 300 lok] | E8: 180 | F8: PKT | G8: 750000 | H8: =G8*E8 -> 135000000 | K8: 600000 | O8: 3390235 | W8: 1050000 | Y8: =SUM(I8:X8) -> 5040235 | Z8: =H8-Y8 -> 129959765
C9: 522141 | D9: Belanja Sewa | H9: =H10+H11 -> 151500000 | I9: =I10+I11 -> 0 | J9: =J10+J11 -> 0 | K9: =K10+K11 -> 0 | L9: =L10+L11 -> 0 | M9: =M10+M11 -> 0 | N9: 20600000 | O9: =O10+O11 -> 0 | P9: =P10+P11 -> 0 | Q9: =Q10+Q11 -> 0 | R9: =R10+R11 -> 0 | S9: =S10+S11 -> 0 | T9: =T10+T11 -> 0 | U9: =U10+U11 -> 0 | V9: =V10+V11 -> 0 | ... X9: =X10+X11 -> 22000000 | Y9: =SUM(I9:X9) -> 42600000 | Z9: =H9-Y9 -> 108900000
D10: Sewa Kendaraan [1 pkt x 12 bln x 300 lok] | E10: 135 | F10: PKT | G10: 900000 | H10: =G10*E10 -> 121500000 | Y10: =SUM(I10:X10) -> 0 | Z10: =H10-Y10 -> 121500000
D11: Sewa Mesin Fotocopy [1 pkt x 12 bln x 300 lok] | E11: 15 | F11: PKT | G11: 2000000 | H11: =G11*E11 -> 30000000 | X11: 22000000 | Y11: =SUM(I11:X11) -> 22000000 | Z11: =H11-Y11 -> 8000000
C12: 522191 | D12: Belanja jasa Lainnya | H12: =H14 -> 2700000000 | I12: =I14 | J12: =J14 | K12: =K14 | L12: =L14 | M12: =M14 | O12: 42874920 | P12: =P14 | Q12: =Q14 | R12: =R14 | S12: =S14 | T12: =T14 | U12: =U14 | V12: =V14 | W12: =W14 -> 13838178 | X12: =X14 -> 15708748 | Y12: =SUM(I12:X12) -> 72421846 | Z12: =H12-Y12 -> 2627578154
D13: (KPPN, 182-Jakarta VII) | Y13: =SUM(I13:X13) -> 0 | Z13: =H13-Y13 -> 0
D14: Pembayaran Listrik dan PDAM ( 1 pkt x 12 bln x 15 lok) | E14: 180 | F14: PKT | G14: 15000000 | H14: =E14*G14 -> 2700000000 | O14: =7536510+9610060+8497760+17230590 -> 42874920 | W14: 13838178 | X14: 15708748 | Y14: =SUM(I14:X14) -> 72421846 | Z14: =H14-Y14 -> 2627578154
O17: jasa pos
O18: 76500
O19: servis /perbaikan
O20: 2800000

Sheet berdasarAnggaran
B3: KODE | C3: PROGRAM/KEG/KOM/SUBKOMP/AKUN | D3: PAGU | E3: REALISASI | I3: SALDO
E4: SP2D | G4: AKRURAL | I4: SP2D | J4: AKRURAL
B5: 027.01.DQ | C5: Program Perlindungan Sosial
B6: 7936 | C6: Penyelenggaraan Program Sekolah Rakyat
B7: 7936.SBC | C7: Pendidikan Dasar[Penambahan alokasi dari SABA 999.08 ke 9A]
B8: 302 | C8: Sekolah Rakyat Terintegrasi 2 Banyuwangi | D8: =SD!J8 -> 2060121000 | E8: =SD!K8 -> 44809500 | F8: =SD!L8 | G8: =SD!M8 -> 172139900 | H8: =SD!N8 | I8: =SD!O8 -> 2015311500 | J8: =SD!P8 -> 1887981100 | K8: =SD!Q8
B9: =SD!B152 -> 407 | C9: =SD!D152 -> Sekolah Rakyat 1C Terintegrasi 07 Kabupaten Banyuwangi | D9: =SD!J152 -> 3064496000 | E9: =SD!K152 -> 53112000 | F9: =SD!L152 | G9: =SD!M152 -> 137854831 | H9: =SD!N152 | I9: =SD!O152 -> 3011384000 | J9: =SD!P152 -> 2926641169 | K9: =SD!Q152
B10: =SD!B296 -> 408 | C10: =SD!D296 -> Sekolah Rakyat 1C Terintegrasi 08 Kabupaten Pasuruan | D10: =SD!J296 -> 3064496000 | E10: =SD!K296 -> 170789000 | F10: =SD!L296 | G10: =SD!M296 -> 295770418 | H10: =SD!N296 | I10: =SD!O296 -> 2893707000 | J10: =SD!P296 -> 2768725582 | K10: =SD!Q296
B11: =SD!B440 -> 409 | C11: =SD!D440 -> Sekolah Rakyat 1C Terintegrasi 09 Kabupaten Malang | D11: =SD!J440 -> 2060121000 | E11: =SD!K440 -> 39475500 | F11: =SD!L440 | G11: =SD!M440 -> 75503736 | H11: =SD!N440 | I11: =SD!O440 -> 2020645500 | J11: =SD!P440 -> 1984617264 | K11: =SD!Q440
B12: =SD!B584 -> 425 | C12: =SD!D584 -> Sekolah Rakyat 1C Terintegrasi 25 Kabupaten Sumenep | D12: =SD!J584 -> 3064496000 | E12: =SD!K584 -> 40651000 | F12: =SD!L584 | G12: =SD!M584 -> 56500261 | H12: =SD!N584 | I12: =SD!O584 -> 3023845000 | J12: =SD!P584 -> 3007995739 | K12: =SD!Q584
B13: =SD!B728 -> 426 | C13: =SD!D728 -> Sekolah Rakyat 1C Terintegrasi 26 Kabupaten Trenggalek | D13: =SD!J728 -> 3064496000 | E13: =SD!K728 -> 147431000 | F13: =SD!L728 | G13: =SD!M728 -> 281790116 | H13: =SD!N728 | I13: =SD!O728 -> 2917065000 | J13: =SD!P728 -> 2782705884 | K13: =SD!Q728
B14: =SD!B872 -> 427 | C14: =SD!D872 -> Sekolah Rakyat 1C Terintegrasi 27 Kab Bangkalan | D14: =SD!J872 -> 3064496000 | E14: =SD!K872 -> 86340000 | F14: =SD!L872 | G14: =SD!M872 -> 200051918 | H14: =SD!N872 | I14: =SD!O872 -> 2978156000 | J14: =SD!P872 -> 2864444082 | K14: =SD!Q872
B15: =SD!D1016 | C15: =SD!E1016 -> Sekolah Rakyat Terintegrasi 5 Ponorogo | D15: =SD!J1016 -> 2060121000 | E15: =SD!K1016 -> 120244000 | F15: =SD!L1016 | G15: =SD!M1016 -> 135116311 | H15: =SD!N1016 | I15: =SD!O1016 -> 1939877000 | J15: =SD!P1016 -> 1925004689 | K15: =SD!Q1016
D16: =SUM(D8:D15) -> 21502843000
B17: =SMP!A5 -> 7936.SBE | C17: =SMP!D7 -> Penyelenggaraan Pendidikan Menengah Pertama Sekolah Rakyat
B18: =SMP!A8 -> 128 | C18: =SMP!D8 -> Sekolah Rakyat Menengah Pertama 28 Pasuruan | D18: =SMP!J8 -> 3064496000 | E18: =SMP!K8 -> 193110000 | F18: =SMP!L8 | G18: =SMP!M8 -> 319604995 | H18: =SMP!N8 | I18: =SMP!O8 -> 2871386000 | J18: =SMP!P8 -> 2744891005 | K18: =SMP!Q8
B19: =SMP!A152 -> 129 | C19: =SMP!D152 -> Sekolah Rakyat Menengah Pertama 29 Pamekasan | D19: =SMP!J152 -> 3064496000 | E19: =SMP!K152 -> 122890200 | F19: =SMP!L152 | G19: =SMP!M152 -> 261884590 | H19: =SMP!N152 | I19: =SMP!O152 -> 2941605800 | J19: =SMP!P152 -> 2802611410 | K19: =SMP!Q152
B20: =SMP!A296 -> 302 | C20: =SMP!D296 -> Sekolah Rakyat Terintegrasi 2 Banyuwangi | D20: =SMP!J296 -> 3064496000 | E20: =SMP!K296 -> 83250000 | F20: =SMP!L296 | G20: =SMP!M296 -> 198653500 | H20: =SMP!N296 | I20: =SMP!O296 -> 2981246000 | J20: =SMP!P296 -> 2865842500 | K20: =SMP!Q296
B21: =SMP!A440 -> 303 | C21: =SMP!D440 -> Sekolah Rakyat Terintegrasi 3 Pasuruan | D21: =SMP!J440 -> 4068871000 | E21: =SMP!K440 -> 209098300 | F21: =SMP!L440 | G21: =SMP!M440 -> 291470438 | H21: =SMP!N440 | I21: =SMP!O440 -> 3859772700 | J21: =SMP!P440 -> 3777400562 | K21: =SMP!Q440
B22: =SMP!A584 -> 426 | C22: =SMP!D584 -> Sekolah Rakyat 1C Terintegrasi 26 Kabupaten Trenggalek | D22: =SMP!J584 -> 2035121000 | E22: =SMP!K584 -> 33612000 | F22: =SMP!L584 | G22: =SMP!M584 -> 477651045 | H22: =SMP!N584 | I22: =SMP!O584 -> 2001509000 | J22: =SMP!P584 -> 1557469955 | K22: =SMP!Q584
B23: =SMP!A728 -> 427 | C23: =SMP!D728 -> Sekolah Rakyat 1C Terintegrasi 27 Kabupaten Bangkalan | D23: =SMP!J728 -> 3064496000 | E23: =SMP!K728 -> 73800000 | F23: =SMP!L728 | G23: =SMP!M728 -> 960940010 | H23: =SMP!N728 | I23: =SMP!O728 -> 2990696000 | J23: =SMP!P728 -> 2103555990 | K23: =SMP!Q728
B24: =SMP!C872 | C24: =SMP!E872 -> Sekolah Rakyat Terintegrasi 5 Ponorogo | D24: =SMP!J872 -> 3064496000 | E24: =SMP!K872 -> 100440000 | F24: =SMP!L872 | G24: =SMP!M872 -> 219022054 | H24: =SMP!N872 | I24: =SMP!O872 -> 2964056000 | J24: =SMP!P872 -> 2845473946 | K24: =SMP!Q872
B25: =SMP!C1016 -> 307 | C25: =SMP!E1016 -> Sekolah Rakyat Terintegrasi 7 Probolinggo | D25: =SMP!J1016 -> 3064496000 | E25: =SMP!K1016 -> 54390000 | F25: =SMP!L1016 | G25: =SMP!M1016 -> 198342323 | H25: =SMP!N1016 | I25: =SMP!O1016 -> 3010106000 | J25: =SMP!P1016 -> 2866153677 | K25: =SMP!Q1016
B26: =SMP!C1160 -> 425 | C26: =SMP!E1160 -> Sekolah Rakyat 1C Terintegrasi 25 Kabupaten Sumenep | D26: =SMP!J1160 -> 3064496000 | E26: =SMP!K1160 -> 242259500 | F26: =SMP!L1160 | G26: =SMP!M1160 -> 182673279 | H26: =SMP!N1160 | I26: =SMP!O1160 -> 2822236500 | J26: =SMP!P1160 -> 2881822721 | K26: =SMP!Q1160
D27: =SUM(D18:D26) -> 27555464000
B28: =SMA!A6 -> 7936.SBB | C28: =SMA!D6 -> Pendidikan Menengah[Penambahan alokasi dari SABA 999.08 ke 9A]
B29: =SMA!A9 -> 210 | C29: =SMA!D9 -> Sekolah Rakyat Menengah Atas 10 Jakarta Selatan | D29: =SMA!J9 -> 5105246000 | E29: =SMA!K9 -> 314938900 | F29: =SMA!L9 -> 6.168927 | G29: =SMA!M9 -> 775505596 | H29: =SMA!N9 -> 6.168927 | I29: =SMA!O9 -> 4758307100 | J29: =SMA!P9 -> 4297740404 | K29: =SMA!Q9 -> 5073246000
B30: =SMA!A153 -> 221 | C30: =SMA!D153 -> Sekolah Rakyat Menengah Atas 21 Surabaya | D30: =SMA!J153 -> 5073246000 | E30: =SMA!K153 -> 190117500 | F30: =SMA!L153 -> 3.7474528 | G30: =SMA!M153 | H30: =SMA!N153 -> 3.7474528 | I30: =SMA!O153 -> 4883128500 | J30: =SMA!P153 -> 5073246000 | K30: =SMA!Q153 -> 5073246000
B31: =SMA!A297 -> 225 | C31: =SMA!D297 -> Sekolah Rakyat Menengah Atas 25 Lamongan | D31: =SMA!J297 -> 4068871000 | E31: =SMA!K297 -> 221025500 | F31: =SMA!L297 -> 5.4321088 | G31: =SMA!M297 | H31: =SMA!N297 | I31: =SMA!O297 -> 3847845500 | J31: =SMA!P297 -> 4068871000 | K31: =SMA!Q297 -> 4068871000
B32: =SMA!A441 -> 302 | C32: =SMA!D441 -> Sekolah Rakyat Terintegrasi 2 Banyuwangi | D32: =SMA!J441 -> 3064496000 | E32: =SMA!K441 -> 150042000 | F32: =SMA!L441 -> 4.8961395 | G32: =SMA!M441 | H32: =SMA!N441 | I32: =SMA!O441 -> 2914454000 | J32: =SMA!P441 -> 3064496000 | K32: =SMA!Q441 -> 3064496000
B33: =SMA!A585 -> 303 | C33: =SMA!D585 -> Sekolah Rakyat Terintegrasi 3 Pasuruan | D33: =SMA!J585 -> 4068871000 | E33: =SMA!K585 -> 198367500 | F33: =SMA!L585 | G33: =SMA!M585 | H33: =SMA!N585 | I33: =SMA!O585 -> 3870503500 | J33: =SMA!P585 -> 4068871000 | K33: =SMA!Q585 -> 4068871000
B34: =SMA!A729 -> 305 | C34: =SMA!D729 -> Sekolah Rakyat Terintegrasi 5 Ponorogo | D34: =SMA!J729 -> 3064496000 | E34: =SMA!K729 -> 110895000 | F34: =SMA!L729 | G34: =SMA!M729 | H34: =SMA!N729 | I34: =SMA!O729 -> 2953601000 | J34: =SMA!P729 -> 2785651862 | K34: =SMA!Q729 -> 3064496000
B35: =SMA!A873 -> 307 | C35: =SMA!D873 -> Sekolah Rakyat Terintegrasi 7 Probolinggo | D35: =SMA!J873 -> 3064496000 | E35: =SMA!K873 -> 0 | F35: =SMA!L873 | G35: =SMA!M873 | H35: =SMA!N873 | I35: =SMA!O873 -> 3064496000 | J35: =SMA!P873 -> 2944898884 | K35: =SMA!Q873 -> 3064496000
B36: =SMA!A1017 -> 407 | C36: =SMA!D1017 -> Sekolah Rakyat 1C Terintegrasi 07 Kabupaten Banyuwangi | D36: =SMA!J1017 -> 3064496000 | E36: =SMA!K1017 -> 0 | F36: =SMA!L1017 | G36: =SMA!M1017 | H36: =SMA!N1017 | I36: =SMA!O1017 -> 3064496000 | J36: =SMA!P1017 -> 3064496000 | K36: =SMA!Q1017 -> 3064496000
B37: =SMA!A1161 -> 408 | C37: =SMA!D1161 -> Sekolah Rakyat 1C Terintegrasi 48 Kabupaten Pasuruan | D37: =SMA!J1161 -> 3064496000 | E37: =SMA!K1161 -> 0 | F37: =SMA!L1161 | G37: =SMA!M1161 | H37: =SMA!N1161 | I37: =SMA!O1161 -> 3064496000 | J37: =SMA!P1161 -> 2606523376 | K37: =SMA!Q1161 -> 3064496000
B38: =SMA!A1305 -> 409 | C38: =SMA!D1305 -> Sekolah Rakyat 1C Terintegrasi 09 Kabupaten Malang | D38: =SMA!J1305 -> 4068871000 | E38: =SMA!K1305 -> 0 | F38: =SMA!L1305 | G38: =SMA!M1305 | H38: =SMA!N1305 | I38: =SMA!O1305 -> 4068871000 | J38: =SMA!P1305 -> 4068871000 | K38: =SMA!Q1305 -> 4068871000
B39: =SMA!A1449 -> 464 | C39: =SMA!D1449 -> Sekolah Rakyat 1C Terintegrasi 64 Kabupaten Pacitan | D39: =SMA!J1449 -> 5073246000 | E39: =SMA!K1449 -> 150682310 | F39: =SMA!L1449 | G39: =SMA!M1449 | H39: =SMA!N1449 | I39: =SMA!O1449 -> 4922563690 | J39: =SMA!P1449 -> 5073246000 | K39: =SMA!Q1449 -> 5073246000
D40: =SUM(D29:D39) -> 42780831000
